type,name,time_units,begin_time,frequency,count,units
signal,"Noraxon MyoMotion-Segments-Upper arm RT-Pitch","s",0.0000,200,5092,"deg"

time,value
0.0000,-0.5991922642
0.0050,-0.6072904627
0.0100,-0.6153888092
0.0150,-0.6234873023
0.0200,-0.632104843
0.0250,-0.6411728591
0.0300,-0.6506168394
0.0350,-0.66035936
0.0400,-0.6703225644
0.0450,-0.6804298925
0.0500,-0.6906073487
0.0550,-0.7007851347
0.0600,-0.7108997679
0.0650,-0.7208957366
0.0700,-0.7307260596
0.0750,-0.740352
0.0800,-0.7497427886
0.0850,-0.7588758553
0.0900,-0.7677370591
0.0950,-0.7763203819
0.1000,-0.7846271201
0.1050,-0.7926648235
0.1100,-0.800445865
0.1150,-0.8079851962
0.1200,-0.8152976436
0.1250,-0.8223954743
0.1300,-0.8292858518
0.1350,-0.8359678364
0.1400,-0.8424298948
0.1450,-0.8486486192
0.1500,-0.8545885756
0.1550,-0.8647005358
0.1600,-0.8741683005
0.1650,-0.8829128664
0.1700,-0.8908947635
0.1750,-0.8982454823
0.1800,-0.9046262795
0.1850,-0.9101998717
0.1900,-0.9146955121
0.1950,-0.9181890268
0.2000,-0.9205056319
0.2050,-0.921762436
0.2100,-0.9219283879
0.2150,-0.9210874786
0.2200,-0.919304177
0.2250,-0.916615241
0.2300,-0.9129787899
0.2350,-0.9085454671
0.2400,-0.9034513153
0.2450,-0.8977235022
0.2500,-0.8916859367
0.2550,-0.8853750059
0.2600,-0.8789411564
0.2650,-0.8725246682
0.2700,-0.8662372442
0.2750,-0.8601153385
0.2800,-0.8544720549
0.2850,-0.8492132798
0.2900,-0.8444632812
0.2950,-0.840296178
0.3000,-0.836710459
0.3050,-0.8337868585
0.3100,-0.8316298508
0.3150,-0.8301383513
0.3200,-0.8295047654
0.3250,-0.8297736377
0.3300,-0.8308435251
0.3350,-0.8330650857
0.3400,-0.8363894473
0.3450,-0.841001576
0.3500,-0.8467656998
0.3550,-0.8539854364
0.3600,-0.8626863668
0.3650,-0.8729106529
0.3700,-0.8848919716
0.3750,-0.8987667923
0.3800,-0.9144323981
0.3850,-0.9318884957
0.3900,-0.9511766947
0.3950,-0.9724082337
0.4000,-0.9954533873
0.4050,-1.020330244
0.4100,-1.047131142
0.4150,-1.075626058
0.4200,-1.105888603
0.4250,-1.137853023
0.4300,-1.171610067
0.4350,-1.206943886
0.4400,-1.243946996
0.4450,-1.282545468
0.4500,-1.32267974
0.4550,-1.364133301
0.4600,-1.406984552
0.4650,-1.451001144
0.4700,-1.496145742
0.4750,-1.541999179
0.4800,-1.588652598
0.4850,-1.635579512
0.4900,-1.682715752
0.4950,-1.729721034
0.5000,-1.776252314
0.5050,-1.821903807
0.5100,-1.866322488
0.5150,-1.909134222
0.5200,-1.950026282
0.5250,-1.98863795
0.5300,-2.024765012
0.5350,-2.057905376
0.5400,-2.087804475
0.5450,-2.114350541
0.5500,-2.137280827
0.5550,-2.156352979
0.5600,-2.171637796
0.5650,-2.182787516
0.5700,-2.189943531
0.5750,-2.192999852
0.5800,-2.19192185
0.5850,-2.186853437
0.5900,-2.177747367
0.5950,-2.164730684
0.6000,-2.14800245
0.6050,-2.127616193
0.6100,-2.103543624
0.6150,-2.076079495
0.6200,-2.045446803
0.6250,-2.011697911
0.6300,-1.975102902
0.6350,-1.935721965
0.6400,-1.893779117
0.6450,-1.849609578
0.6500,-1.803520227
0.6550,-1.755565159
0.6600,-1.706064069
0.6650,-1.655233989
0.6700,-1.602900038
0.6750,-1.549207529
0.6800,-1.494141199
0.6850,-1.437922652
0.6900,-1.380696946
0.6950,-1.322484659
0.7000,-1.263443471
0.7050,-1.203678766
0.7100,-1.143302295
0.7150,-1.082447908
0.7200,-1.021255355
0.7250,-0.9595808142
0.7300,-0.8974886997
0.7350,-0.8350388462
0.7400,-0.7720436444
0.7450,-0.7083549112
0.7500,-0.6440352532
0.7550,-0.5790529403
0.7600,-0.5132244098
0.7650,-0.4465071503
0.7700,-0.3788531744
0.7750,-0.3100717374
0.7800,-0.2399154949
0.7850,-0.1684457173
0.7900,-0.0954669266
0.7950,-0.02092636406
0.8000,0.05493199715
0.8050,0.1322518063
0.8100,0.2106978515
0.8150,0.2903232577
0.8200,0.370840863
0.8250,0.4520080589
0.8300,0.5335324915
0.8350,0.6149416283
0.8400,0.6956830645
0.8450,0.7755641881
0.8500,0.8540801229
0.8550,0.9307077459
0.8600,1.004953533
0.8650,1.076173905
0.8700,1.144109225
0.8750,1.20832419
0.8800,1.268511954
0.8850,1.32441571
0.8900,1.375987326
0.8950,1.422914047
0.9000,1.465496461
0.9050,1.503488235
0.9100,1.537021177
0.9150,1.566308939
0.9200,1.591640376
0.9250,1.613050603
0.9300,1.630740736
0.9350,1.645011492
0.9400,1.656077283
0.9450,1.664079865
0.9500,1.669269389
0.9550,1.671843208
0.9600,1.671936422
0.9650,1.669967177
0.9700,1.66615706
0.9750,1.660692803
0.9800,1.653791484
0.9850,1.645982445
0.9900,1.637793999
0.9950,1.629560796
1.0000,1.6218663
1.0050,1.615196565
1.0100,1.610108842
1.0150,1.607013278
1.0200,1.606415986
1.0250,1.608562182
1.0300,1.613923429
1.0350,1.622542729
1.0400,1.634413792
1.0450,1.649428711
1.0500,1.667577356
1.0550,1.688501858
1.0600,1.711646629
1.0650,1.736597749
1.0700,1.76280076
1.0750,1.789370936
1.0800,1.815397613
1.0850,1.84012022
1.0900,1.86262295
1.0950,1.882310627
1.1000,1.89847632
1.1050,1.910547223
1.1100,1.918174256
1.1150,1.920790076
1.1200,1.918280915
1.1250,1.91033879
1.1300,1.897063877
1.1350,1.878552404
1.1400,1.854951701
1.1450,1.826416391
1.1500,1.793238691
1.1550,1.755780115
1.1600,1.714598345
1.1650,1.670016522
1.1700,1.622414791
1.1750,1.572305433
1.1800,1.520070349
1.1850,1.466081759
1.1900,1.410663998
1.1950,1.354347249
1.2000,1.297315788
1.2050,1.239922061
1.2100,1.182369328
1.2150,1.124981375
1.2200,1.068032632
1.2250,1.011842226
1.2300,0.9566558133
1.2350,0.9026993632
1.2400,0.8502312515
1.2450,0.7999418096
1.2500,0.7521002534
1.2550,0.707020224
1.2600,0.6652506758
1.2650,0.626992256
1.2700,0.5924101433
1.2750,0.5617169703
1.2800,0.535087098
1.2850,0.5126730638
1.2900,0.4944858632
1.2950,0.480613994
1.3000,0.4710843687
1.3050,0.4659369198
1.3100,0.4652396762
1.3150,0.468826529
1.3200,0.4766923666
1.3250,0.4886871094
1.3300,0.5047015984
1.3350,0.5247417381
1.3400,0.5486011244
1.3450,0.5760561327
1.3500,0.6068571324
1.3550,0.6408154895
1.3600,0.6779164921
1.3650,0.7177089126
1.3700,0.7598339898
1.3750,0.8039476742
1.3800,0.8497412742
1.3850,0.8968169974
1.3900,0.9447607624
1.3950,0.9929090499
1.4000,1.041050136
1.4050,1.088641885
1.4100,1.135261898
1.4150,1.180717206
1.4200,1.224530395
1.4250,1.266587338
1.4300,1.306433931
1.4350,1.343912438
1.4400,1.379093113
1.4450,1.411871046
1.4500,1.442323368
1.4550,1.47057433
1.4600,1.496696322
1.4650,1.520996901
1.4700,1.543659173
1.4750,1.564818647
1.4800,1.584705155
1.4850,1.60346825
1.4900,1.621182027
1.4950,1.638058601
1.5000,1.654009798
1.5050,1.669307431
1.5100,1.683842619
1.5150,1.697605236
1.5200,1.710593741
1.5250,1.722748348
1.5300,1.733916029
1.5350,1.744039548
1.5400,1.753206553
1.5450,1.761119235
1.5500,1.767793993
1.5550,1.773302351
1.5600,1.777591463
1.5650,1.780682998
1.5700,1.782747941
1.5750,1.784086407
1.5800,1.784604501
1.5850,1.784268224
1.5900,1.78339438
1.5950,1.782061751
1.6000,1.780300394
1.6050,1.778054448
1.6100,1.775427554
1.6150,1.772495197
1.6200,1.769168908
1.6250,1.765590144
1.6300,1.761373276
1.6350,1.756452991
1.6400,1.750819806
1.6450,1.744502533
1.6500,1.737476455
1.6550,1.729787078
1.6600,1.721210591
1.6650,1.711952433
1.6700,1.701981982
1.6750,1.691447622
1.6800,1.680416806
1.6850,1.668954515
1.6900,1.657104371
1.6950,1.645027774
1.7000,1.632811339
1.7050,1.620487109
1.7100,1.608327399
1.7150,1.596080401
1.7200,1.584023222
1.7250,1.572066422
1.7300,1.560366708
1.7350,1.548969806
1.7400,1.537699968
1.7450,1.52664351
1.7500,1.515766995
1.7550,1.505070733
1.7600,1.494468494
1.7650,1.483896525
1.7700,1.473214254
1.7750,1.462491831
1.7800,1.451669238
1.7850,1.44105851
1.7900,1.430663756
1.7950,1.420477866
1.8000,1.410617839
1.8050,1.401127833
1.8100,1.392350723
1.8150,1.384147321
1.8200,1.376576603
1.8250,1.369641505
1.8300,1.363671412
1.8350,1.358936904
1.8400,1.355354597
1.8450,1.353264249
1.8500,1.352643653
1.8550,1.353580636
1.8600,1.356165142
1.8650,1.360564469
1.8700,1.366604959
1.8750,1.374180149
1.8800,1.383508725
1.8850,1.394596999
1.8900,1.40726681
1.8950,1.421386689
1.9000,1.437006523
1.9050,1.454039232
1.9100,1.472324426
1.9150,1.491916444
1.9200,1.512842975
1.9250,1.535159629
1.9300,1.55887171
1.9350,1.584211581
1.9400,1.611005893
1.9450,1.639195036
1.9500,1.668514676
1.9550,1.699033825
1.9600,1.730787505
1.9650,1.763412266
1.9700,1.797004418
1.9750,1.831351162
1.9800,1.866433735
1.9850,1.902051929
1.9900,1.938259011
1.9950,1.97486123
2.0000,2.011833508
2.0050,2.049082175
2.0100,2.086226852
2.0150,2.123351508
2.0200,2.160143865
2.0250,2.196607585
2.0300,2.232583627
2.0350,2.267773824
2.0400,2.302219763
2.0450,2.335623995
2.0500,2.367917535
2.0550,2.399199098
2.0600,2.429563278
2.0650,2.45900888
2.0700,2.487539662
2.0750,2.515082099
2.0800,2.541483131
2.0850,2.566582383
2.0900,2.590508285
2.0950,2.61316889
2.1000,2.634675317
2.1050,2.655108225
2.1100,2.6741946
2.1150,2.692267207
2.1200,2.709351747
2.1250,2.725606489
2.1300,2.741081798
2.1350,2.755808264
2.1400,2.769898322
2.1450,2.783476174
2.1500,2.796772357
2.1550,2.80982062
2.1600,2.822851953
2.1650,2.835816538
2.1700,2.849035631
2.1750,2.862617264
2.1800,2.876636483
2.1850,2.891306376
2.1900,2.90680915
2.1950,2.923333478
2.2000,2.940846026
2.2050,2.959625879
2.2100,2.979808753
2.2150,3.001211153
2.2200,3.02387701
2.2250,3.04763748
2.2300,3.072474033
2.2350,3.098146396
2.2400,3.124603826
2.2450,3.151692175
2.2500,3.179526766
2.2550,3.208030019
2.2600,3.237217653
2.2650,3.26693155
2.2700,3.297264221
2.2750,3.328258584
2.2800,3.359873397
2.2850,3.392205414
2.2900,3.42508806
2.2950,3.458472153
2.3000,3.49222914
2.3050,3.526284286
2.3100,3.560702506
2.3150,3.595333424
2.3200,3.630071711
2.3250,3.664675828
2.3300,3.699161228
2.3350,3.733513139
2.3400,3.767660166
2.3450,3.801598894
2.3500,3.835256057
2.3550,3.868377301
2.3600,3.90068512
2.3650,3.932003438
2.3700,3.962478339
2.3750,3.991921221
2.3800,4.020542286
2.3850,4.04829667
2.3900,4.075069146
2.3950,4.101120643
2.4000,4.126396562
2.4050,4.150948443
2.4100,4.175019488
2.4150,4.198576461
2.4200,4.221866358
2.4250,4.244904692
2.4300,4.267669086
2.4350,4.290189456
2.4400,4.312461712
2.4450,4.334389585
2.4500,4.355958449
2.4550,4.377202898
2.4600,4.398064007
2.4650,4.418644916
2.4700,4.438745823
2.4750,4.458481046
2.4800,4.477787226
2.4850,4.496613759
2.4900,4.514795136
2.4950,4.532400666
2.5000,4.549320373
2.5050,4.565413647
2.5100,4.580675975
2.5150,4.595127393
2.5200,4.60873302
2.5250,4.621463662
2.5300,4.633470826
2.5350,4.644763651
2.5400,4.655508708
2.5450,4.665829464
2.5500,4.675824192
2.5550,4.685456486
2.5600,4.694869252
2.5650,4.704105987
2.5700,4.713282812
2.5750,4.722178252
2.5800,4.731063552
2.5850,4.739759702
2.5900,4.748435501
2.5950,4.756984038
2.6000,4.765487778
2.6050,4.773959301
2.6100,4.782185138
2.6150,4.790378123
2.6200,4.798551861
2.6250,4.806743955
2.6300,4.815050476
2.6350,4.823402169
2.6400,4.831654248
2.6450,4.84009236
2.6500,4.848728177
2.6550,4.857462631
2.6600,4.866316457
2.6650,4.875318851
2.6700,4.884426794
2.6750,4.893844205
2.6800,4.903517012
2.6850,4.913418114
2.6900,4.923626147
2.6950,4.933989205
2.7000,4.944631983
2.7050,4.955519421
2.7100,4.966631114
2.7150,4.977962591
2.7200,4.989443109
2.7250,5.001009609
2.7300,5.012783429
2.7350,5.024521867
2.7400,5.036352467
2.7450,5.048099943
2.7500,5.059831565
2.7550,5.071669137
2.7600,5.08349912
2.7650,5.095277636
2.7700,5.107116182
2.7750,5.118831367
2.7800,5.130524424
2.7850,5.142182289
2.7900,5.153852709
2.7950,5.165534245
2.8000,5.177267405
2.8050,5.188974871
2.8100,5.200697291
2.8150,5.212266573
2.8200,5.223817446
2.8250,5.235418249
2.8300,5.246994565
2.8350,5.258442829
2.8400,5.269819624
2.8450,5.281025209
2.8500,5.292092706
2.8550,5.302932845
2.8600,5.31337817
2.8650,5.323680289
2.8700,5.333548177
2.8750,5.343158467
2.8800,5.352384904
2.8850,5.361331202
2.8900,5.369964628
2.8950,5.37838939
2.9000,5.386487844
2.9050,5.394203867
2.9100,5.401845531
2.9150,5.409067318
2.9200,5.416007358
2.9250,5.422574086
2.9300,5.428779305
2.9350,5.434604494
2.9400,5.440245056
2.9450,5.445259842
2.9500,5.449636589
2.9550,5.453460496
2.9600,5.456750173
2.9650,5.459442647
2.9700,5.461454992
2.9750,5.462625451
2.9800,5.462930275
2.9850,5.462344333
2.9900,5.460970245
2.9950,5.458864749
3.0000,5.456006221
3.0050,5.452346804
3.0100,5.447973434
3.0150,5.442858037
3.0200,5.437042703
3.0250,5.430499332
3.0300,5.423158214
3.0350,5.415163518
3.0400,5.406391087
3.0450,5.397058045
3.0500,5.387068578
3.0550,5.376450392
3.0600,5.365247673
3.0650,5.353348296
3.0700,5.341135791
3.0750,5.328538157
3.0800,5.31557492
3.0850,5.302235608
3.0900,5.288490633
3.0950,5.274328497
3.1000,5.259646569
3.1050,5.244773542
3.1100,5.229433939
3.1150,5.213746278
3.1200,5.197760605
3.1250,5.181273236
3.1300,5.16437733
3.1350,5.147233009
3.1400,5.129822172
3.1450,5.112262114
3.1500,5.094356427
3.1550,5.07633574
3.1600,5.058066488
3.1650,5.039491541
3.1700,5.020714362
3.1750,5.001606858
3.1800,4.98208282
3.1850,4.962184327
3.1900,4.941952019
3.1950,4.92135004
3.2000,4.900421956
3.2050,4.879412105
3.2100,4.857984633
3.2150,4.83622517
3.2200,4.814142737
3.2250,4.791889714
3.2300,4.769116907
3.2350,4.745825875
3.2400,4.72193512
3.2450,4.697496828
3.2500,4.67253936
3.2550,4.646825207
3.2600,4.620468213
3.2650,4.59344074
3.2700,4.565718689
3.2750,4.537433613
3.2800,4.508555494
3.2850,4.479113564
3.2900,4.4490633
3.2950,4.418408737
3.3000,4.387020776
3.3050,4.355022453
3.3100,4.322420596
3.3150,4.289307116
3.3200,4.255652738
3.3250,4.221564103
3.3300,4.187163505
3.3350,4.15244065
3.3400,4.117658992
3.3450,4.082728196
3.3500,4.047948594
3.3550,4.013186352
3.3600,3.978514785
3.3650,3.944099542
3.3700,3.909642097
3.3750,3.875173921
3.3800,3.840752568
3.3850,3.806429686
3.3900,3.772249638
3.3950,3.738099659
3.4000,3.704116976
3.4050,3.670140398
3.4100,3.636480886
3.4150,3.603232873
3.4200,3.570119951
3.4250,3.537382616
3.4300,3.505116559
3.4350,3.473142984
3.4400,3.441642742
3.4450,3.410574267
3.4500,3.380015235
3.4550,3.349741982
3.4600,3.31994034
3.4650,3.290569337
3.4700,3.261632032
3.4750,3.233281189
3.4800,3.205590776
3.4850,3.178441941
3.4900,3.151872018
3.4950,3.126015186
3.5000,3.100773658
3.5050,3.076080048
3.5100,3.052120946
3.5150,3.028906215
3.5200,3.006254993
3.5250,2.984181311
3.5300,2.962788058
3.5350,2.941932303
3.5400,2.921623775
3.5450,2.902016376
3.5500,2.883038247
3.5550,2.864858176
3.5600,2.847296502
3.5650,2.830350944
3.5700,2.814250262
3.5750,2.79870081
3.5800,2.783704303
3.5850,2.769427085
3.5900,2.755501012
3.5950,2.742004893
3.6000,2.7290142
3.6050,2.716552356
3.6100,2.704473755
3.6150,2.692699469
3.6200,2.681219858
3.6250,2.670092229
3.6300,2.65924754
3.6350,2.648712883
3.6400,2.63842879
3.6450,2.628447746
3.6500,2.618759814
3.6550,2.609197872
3.6600,2.599889435
3.6650,2.590911629
3.6700,2.582245706
3.6750,2.574085588
3.6800,2.566333328
3.6850,2.559082268
3.6900,2.552273321
3.6950,2.546199359
3.7000,2.540774125
3.7050,2.536045608
3.7100,2.531781081
3.7150,2.527904118
3.7200,2.524553251
3.7250,2.521706355
3.7300,2.51935227
3.7350,2.517440747
3.7400,2.515913789
3.7450,2.514667656
3.7500,2.513829711
3.7550,2.513605047
3.7600,2.513933604
3.7650,2.514797459
3.7700,2.516380543
3.7750,2.518658941
3.7800,2.521573695
3.7850,2.525320722
3.7900,2.529769186
3.7950,2.534858052
3.8000,2.540529096
3.8050,2.546829952
3.8100,2.55362785
3.8150,2.561061771
3.8200,2.569154136
3.8250,2.577683432
3.8300,2.586769726
3.8350,2.596448597
3.8400,2.606675849
3.8450,2.617161539
3.8500,2.627736578
3.8550,2.638486489
3.8600,2.649223786
3.8650,2.660098065
3.8700,2.670828657
3.8750,2.681635991
3.8800,2.692363706
3.8850,2.702939898
3.8900,2.713493512
3.8950,2.72396281
3.9000,2.734352217
3.9050,2.744566504
3.9100,2.75483297
3.9150,2.765253345
3.9200,2.775889646
3.9250,2.786648732
3.9300,2.797531118
3.9350,2.808590492
3.9400,2.819792424
3.9450,2.831267109
3.9500,2.842841999
3.9550,2.854648823
3.9600,2.866733793
3.9650,2.878917752
3.9700,2.891130853
3.9750,2.90342905
3.9800,2.915693574
3.9850,2.92788282
3.9900,2.940119092
3.9950,2.952242626
4.0000,2.964398954
4.0050,2.976531769
4.0100,2.988627356
4.0150,3.000869609
4.0200,3.013097465
4.0250,3.025405705
4.0300,3.03761621
4.0350,3.05003642
4.0400,3.062467575
4.0450,3.074950722
4.0500,3.087443371
4.0550,3.099924095
4.0600,3.112208446
4.0650,3.124557578
4.0700,3.136609495
4.0750,3.148381033
4.0800,3.15978746
4.0850,3.170870625
4.0900,3.181450441
4.0950,3.191613436
4.1000,3.201352746
4.1050,3.21067785
4.1100,3.219540503
4.1150,3.227787029
4.1200,3.235288528
4.1250,3.242177624
4.1300,3.248415666
4.1350,3.253902817
4.1400,3.258766456
4.1450,3.263175234
4.1500,3.267193851
4.1550,3.270788315
4.1600,3.274037869
4.1650,3.276960784
4.1700,3.279525906
4.1750,3.281708776
4.1800,3.283833544
4.1850,3.285724163
4.1900,3.287414283
4.1950,3.288986052
4.2000,3.290351392
4.2050,3.291606998
4.2100,3.292549299
4.2150,3.293199752
4.2200,3.293372349
4.2250,3.293141903
4.2300,3.292555362
4.2350,3.291484563
4.2400,3.289974646
4.2450,3.287901161
4.2500,3.285187714
4.2550,3.282051906
4.2600,3.278292801
4.2650,3.274081225
4.2700,3.269485837
4.2750,3.264493266
4.2800,3.259323779
4.2850,3.254066429
4.2900,3.248625088
4.2950,3.242975267
4.3000,3.237379371
4.3050,3.231814664
4.3100,3.226524996
4.3150,3.221457157
4.3200,3.216727865
4.3250,3.212392334
4.3300,3.208472198
4.3350,3.204917666
4.3400,3.201687381
4.3450,3.198961892
4.3500,3.196634086
4.3550,3.194443291
4.3600,3.192748678
4.3650,3.191187321
4.3700,3.189953783
4.3750,3.188964532
4.3800,3.188210863
4.3850,3.187521173
4.3900,3.186940461
4.3950,3.18644958
4.4000,3.186141685
4.4050,3.185775092
4.4100,3.185480286
4.4150,3.185387044
4.4200,3.185696534
4.4250,3.186244316
4.4300,3.18710141
4.4350,3.188338679
4.4400,3.189826055
4.4450,3.191668287
4.4500,3.194006278
4.4550,3.196631307
4.4600,3.199792998
4.4650,3.203311935
4.4700,3.207453589
4.4750,3.212203128
4.4800,3.217423171
4.4850,3.223117388
4.4900,3.229414767
4.4950,3.23600672
4.5000,3.243097766
4.5050,3.250456653
4.5100,3.258328392
4.5150,3.266535621
4.5200,3.275261905
4.5250,3.284587283
4.5300,3.294390202
4.5350,3.305054705
4.5400,3.316451588
4.5450,3.328754567
4.5500,3.342044989
4.5550,3.3562564
4.5600,3.371605133
4.5650,3.388064454
4.5700,3.405541127
4.5750,3.424292785
4.5800,3.444199795
4.5850,3.465223413
4.5900,3.487466505
4.5950,3.511022473
4.6000,3.535659848
4.6050,3.561380029
4.6100,3.587952974
4.6150,3.615340174
4.6200,3.643570692
4.6250,3.672449015
4.6300,3.701923289
4.6350,3.731813806
4.6400,3.762176995
4.6450,3.792705039
4.6500,3.823582377
4.6550,3.854718958
4.6600,3.885899863
4.6650,3.917233907
4.6700,3.948490311
4.6750,3.979660666
4.6800,4.010729779
4.6850,4.04167291
4.6900,4.072570956
4.6950,4.103140362
4.7000,4.133413851
4.7050,4.163353557
4.7100,4.193002709
4.7150,4.222049707
4.7200,4.250495451
4.7250,4.27840673
4.7300,4.305485008
4.7350,4.331955322
4.7400,4.357692199
4.7450,4.382680536
4.7500,4.406850479
4.7550,4.430348863
4.7600,4.452967272
4.7650,4.475019238
4.7700,4.496103483
4.7750,4.516319856
4.7800,4.535639004
4.7850,4.554301996
4.7900,4.572174917
4.7950,4.589494376
4.8000,4.606172415
4.8050,4.622528553
4.8100,4.638240113
4.8150,4.653552829
4.8200,4.668273449
4.8250,4.682373321
4.8300,4.69583222
4.8350,4.70853961
4.8400,4.720631885
4.8450,4.731822227
4.8500,4.742265681
4.8550,4.75187737
4.8600,4.760503539
4.8650,4.768340336
4.8700,4.775336365
4.8750,4.781457968
4.8800,4.786670592
4.8850,4.791056227
4.8900,4.794576348
4.8950,4.797268973
4.9000,4.79909348
4.9050,4.800096965
4.9100,4.800566234
4.9150,4.800532031
4.9200,4.799860964
4.9250,4.798659847
4.9300,4.797067589
4.9350,4.794975736
4.9400,4.792604224
4.9450,4.790072224
4.9500,4.787267758
4.9550,4.784348693
4.9600,4.781370525
4.9650,4.778374797
4.9700,4.775524333
4.9750,4.772678261
4.9800,4.770031311
4.9850,4.767537927
4.9900,4.765198169
4.9950,4.763227911
5.0000,4.761509815
5.0050,4.760117404
5.0100,4.75914662
5.0150,4.758696154
5.0200,4.758719753
5.0250,4.759288753
5.0300,4.760413828
5.0350,4.761942956
5.0400,4.764167309
5.0450,4.76682862
5.0500,4.770135213
5.0550,4.774016964
5.0600,4.778391147
5.0650,4.78324691
5.0700,4.788739314
5.0750,4.794841708
5.0800,4.80162091
5.0850,4.808920811
5.0900,4.816821876
5.0950,4.825364053
5.1000,4.834532963
5.1050,4.844093161
5.1100,4.854191481
5.1150,4.864675085
5.1200,4.875797272
5.1250,4.887533362
5.1300,4.899907839
5.1350,4.912942344
5.1400,4.926519873
5.1450,4.940892475
5.1500,4.955980439
5.1550,4.971809114
5.1600,4.988516678
5.1650,5.005938353
5.1700,5.024203344
5.1750,5.043107655
5.1800,5.062737994
5.1850,5.082870859
5.1900,5.103642299
5.1950,5.124777653
5.2000,5.146413497
5.2050,5.168382795
5.2100,5.190577444
5.2150,5.213023065
5.2200,5.235769864
5.2250,5.258694534
5.2300,5.281707695
5.2350,5.304998286
5.2400,5.328205908
5.2450,5.351242994
5.2500,5.37408331
5.2550,5.396679263
5.2600,5.41906544
5.2650,5.441183771
5.2700,5.462887855
5.2750,5.484371924
5.2800,5.505392273
5.2850,5.526110794
5.2900,5.546525708
5.2950,5.566603147
5.3000,5.586487956
5.3050,5.60609023
5.3100,5.625380927
5.3150,5.644500379
5.3200,5.663376135
5.3250,5.682058417
5.3300,5.700676166
5.3350,5.719303053
5.3400,5.737609866
5.3450,5.755891355
5.3500,5.77404614
5.3550,5.79204991
5.3600,5.810128291
5.3650,5.82804139
5.3700,5.845800886
5.3750,5.863275253
5.3800,5.88043787
5.3850,5.897368837
5.3900,5.913982167
5.3950,5.930280228
5.4000,5.946432803
5.4050,5.962380114
5.4100,5.97816218
5.4150,5.993839992
5.4200,6.009312781
5.4250,6.024570403
5.4300,6.039822892
5.4350,6.054962447
5.4400,6.070244231
5.4450,6.085678329
5.4500,6.101306674
5.4550,6.117154675
5.4600,6.133181841
5.4650,6.149561252
5.4700,6.166190595
5.4750,6.182941566
5.4800,6.199891986
5.4850,6.217246303
5.4900,6.234834364
5.4950,6.25264783
5.5000,6.270500887
5.5050,6.288491195
5.5100,6.306373447
5.5150,6.324027
5.5200,6.341337067
5.5250,6.358244384
5.5300,6.374529039
5.5350,6.390119781
5.5400,6.40514462
5.5450,6.419651528
5.5500,6.43365705
5.5550,6.447160493
5.5600,6.459907202
5.5650,6.472068102
5.5700,6.483723047
5.5750,6.494954695
5.5800,6.505981624
5.5850,6.516741052
5.5900,6.5273568
5.5950,6.537756416
5.6000,6.548056499
5.6050,6.558357696
5.6100,6.568564053
5.6150,6.578687709
5.6200,6.588783619
5.6250,6.59880951
5.6300,6.608784828
5.6350,6.618635459
5.6400,6.628436949
5.6450,6.638012698
5.6500,6.64727588
5.6550,6.656297731
5.6600,6.664956072
5.6650,6.673334632
5.6700,6.681450516
5.6750,6.689473306
5.6800,6.697282283
5.6850,6.704943946
5.6900,6.712625001
5.6950,6.720255039
5.7000,6.727873302
5.7050,6.735835799
5.7100,6.744094257
5.7150,6.752771966
5.7200,6.762006958
5.7250,6.771894815
5.7300,6.782469019
5.7350,6.793687984
5.7400,6.805560434
5.7450,6.817985306
5.7500,6.830917874
5.7550,6.844234706
5.7600,6.857964515
5.7650,6.8718446
5.7700,6.885995866
5.7750,6.900359172
5.7800,6.91459738
5.7850,6.928716268
5.7900,6.942598162
5.7950,6.956223485
5.8000,6.969502317
5.8050,6.982387116
5.8100,6.994923397
5.8150,7.007146192
5.8200,7.019050718
5.8250,7.030651739
5.8300,7.042041281
5.8350,7.053111844
5.8400,7.063977407
5.8450,7.074402995
5.8500,7.084427322
5.8550,7.094051023
5.8600,7.103529349
5.8650,7.112584025
5.8700,7.121390355
5.8750,7.129815498
5.8800,7.137651723
5.8850,7.144952091
5.8900,7.151596755
5.8950,7.157614744
5.9000,7.162943981
5.9050,7.167548935
5.9100,7.171566463
5.9150,7.174873021
5.9200,7.177576031
5.9250,7.179666186
5.9300,7.181254885
5.9350,7.182224091
5.9400,7.182781075
5.9450,7.182963929
5.9500,7.182766797
5.9550,7.1823465
5.9600,7.181580447
5.9650,7.180534097
5.9700,7.179374385
5.9750,7.178017972
5.9800,7.176775463
5.9850,7.175331212
5.9900,7.173752768
5.9950,7.172023453
6.0000,7.169978429
6.0050,7.167413536
6.0100,7.164443761
6.0150,7.161115764
6.0200,7.157304276
6.0250,7.153118876
6.0300,7.148472545
6.0350,7.143582861
6.0400,7.138257658
6.0450,7.132703216
6.0500,7.126828279
6.0550,7.12095342
6.0600,7.115066793
6.0650,7.109041613
6.0700,7.102844374
6.0750,7.096527229
6.0800,7.090228069
6.0850,7.083835605
6.0900,7.077429347
6.0950,7.071294829
6.1000,7.065207657
6.1050,7.059264645
6.1100,7.053415732
6.1150,7.047713037
6.1200,7.042114537
6.1250,7.036673913
6.1300,7.031513325
6.1350,7.026545709
6.1400,7.021707204
6.1450,7.017205751
6.1500,7.0128337
6.1550,7.008645632
6.1600,7.00458192
6.1650,7.000793491
6.1700,6.997223507
6.1750,6.994077656
6.1800,6.991378496
6.1850,6.989160435
6.1900,6.987402555
6.1950,6.986041101
6.2000,6.985166168
6.2050,6.984897043
6.2100,6.985086128
6.2150,6.985735216
6.2200,6.986935621
6.2250,6.988509541
6.2300,6.990378502
6.2350,6.992696896
6.2400,6.995233812
6.2450,6.9982278
6.2500,7.001484428
6.2550,7.004728711
6.2600,7.008062863
6.2650,7.011456975
6.2700,7.014663689
6.2750,7.017840114
6.2800,7.020680996
6.2850,7.023315506
6.2900,7.025623304
6.2950,7.027637554
6.3000,7.029209481
6.3050,7.030569912
6.3100,7.031491
6.3150,7.031852115
6.3200,7.031554276
6.3250,7.030524724
6.3300,7.02866503
6.3350,7.025847591
6.3400,7.022122014
6.3450,7.017337014
6.3500,7.011732795
6.3550,7.005030394
6.3600,6.997242813
6.3650,6.988584853
6.3700,6.979067527
6.3750,6.968935541
6.3800,6.958031394
6.3850,6.946499989
6.3900,6.934340491
6.3950,6.921459972
6.4000,6.908388872
6.4050,6.895050452
6.4100,6.881668972
6.4150,6.868323909
6.4200,6.855235222
6.4250,6.842401941
6.4300,6.829791004
6.4350,6.817642133
6.4400,6.805981659
6.4450,6.794788876
6.4500,6.784097105
6.4550,6.773927917
6.4600,6.764123127
6.4650,6.754551339
6.4700,6.745112701
6.4750,6.735646561
6.4800,6.726072245
6.4850,6.716405358
6.4900,6.706629704
6.4950,6.696886527
6.5000,6.686837655
6.5050,6.676514029
6.5100,6.666142547
6.5150,6.655577488
6.5200,6.644723952
6.5250,6.633595229
6.5300,6.622218818
6.5350,6.610563923
6.5400,6.598799473
6.5450,6.586560176
6.5500,6.573932334
6.5550,6.561035891
6.5600,6.547794985
6.5650,6.534140854
6.5700,6.520187689
6.5750,6.505725851
6.5800,6.490768173
6.5850,6.475363258
6.5900,6.459405358
6.5950,6.442816502
6.6000,6.4256954
6.6050,6.407783689
6.6100,6.389369787
6.6150,6.370485784
6.6200,6.35127609
6.6250,6.331841427
6.6300,6.312315888
6.6350,6.292990121
6.6400,6.273974441
6.6450,6.255505374
6.6500,6.237443738
6.6550,6.220017644
6.6600,6.203316351
6.6650,6.187278331
6.6700,6.171963801
6.6750,6.157449604
6.6800,6.143862303
6.6850,6.131202675
6.6900,6.119293928
6.6950,6.10832604
6.7000,6.098149518
6.7050,6.08883018
6.7100,6.080361959
6.7150,6.072618508
6.7200,6.06548166
6.7250,6.058842303
6.7300,6.052824919
6.7350,6.047307922
6.7400,6.042146985
6.7450,6.037370918
6.7500,6.03300889
6.7550,6.02887194
6.7600,6.025113441
6.7650,6.021875638
6.7700,6.019137985
6.7750,6.016729411
6.7800,6.01468393
6.7850,6.013007094
6.7900,6.011651052
6.7950,6.010341543
6.8000,6.009180095
6.8050,6.007884516
6.8100,6.006224003
6.8150,6.004167933
6.8200,6.001612711
6.8250,5.998716379
6.8300,5.995323745
6.8350,5.991394365
6.8400,5.986747631
6.8450,5.981490605
6.8500,5.975572172
6.8550,5.968988693
6.8600,5.961599051
6.8650,5.953363232
6.8700,5.944235757
6.8750,5.934195011
6.8800,5.923220576
6.8850,5.911325676
6.8900,5.898569978
6.8950,5.885112061
6.9000,5.87077392
6.9050,5.85577136
6.9100,5.840074211
6.9150,5.823654411
6.9200,5.806473461
6.9250,5.788697648
6.9300,5.77027924
6.9350,5.75093945
6.9400,5.730995406
6.9450,5.710245236
6.9500,5.688800071
6.9550,5.666723328
6.9600,5.644040087
6.9650,5.620834666
6.9700,5.597246356
6.9750,5.573044519
6.9800,5.54851786
6.9850,5.523482787
6.9900,5.498326649
6.9950,5.47295582
7.0000,5.447296691
7.0050,5.421465445
7.0100,5.395407201
7.0150,5.369203712
7.0200,5.342937051
7.0250,5.316750254
7.0300,5.290415533
7.0350,5.264035786
7.0400,5.237542057
7.0450,5.211035384
7.0500,5.18432851
7.0550,5.157505578
7.0600,5.130581554
7.0650,5.103397432
7.0700,5.076007173
7.0750,5.048599212
7.0800,5.021193767
7.0850,4.99349558
7.0900,4.965589831
7.0950,4.937849227
7.1000,4.910065475
7.1050,4.8823281
7.1100,4.854704681
7.1150,4.827336273
7.1200,4.800117373
7.1250,4.772971242
7.1300,4.745964131
7.1350,4.719144067
7.1400,4.692343499
7.1450,4.665703862
7.1500,4.639131817
7.1550,4.612706364
7.1600,4.58652944
7.1650,4.560674336
7.1700,4.53506036
7.1750,4.509778836
7.1800,4.484681263
7.1850,4.459625923
7.1900,4.434635996
7.1950,4.409714896
7.2000,4.38513497
7.2050,4.360828604
7.2100,4.336652438
7.2150,4.312704334
7.2200,4.289030462
7.2250,4.265307802
7.2300,4.241767412
7.2350,4.218513443
7.2400,4.195289832
7.2450,4.172310429
7.2500,4.149542669
7.2550,4.126917967
7.2600,4.104296972
7.2650,4.081854036
7.2700,4.059475816
7.2750,4.037264948
7.2800,4.015009144
7.2850,3.992719865
7.2900,3.97024818
7.2950,3.947599604
7.3000,3.924716002
7.3050,3.901727329
7.3100,3.878765773
7.3150,3.855902378
7.3200,3.833075593
7.3250,3.810203641
7.3300,3.787278543
7.3350,3.764174148
7.3400,3.741003241
7.3450,3.717693762
7.3500,3.69430187
7.3550,3.671062759
7.3600,3.647985737
7.3650,3.625194823
7.3700,3.60257736
7.3750,3.580094172
7.3800,3.557826065
7.3850,3.535816508
7.3900,3.513973122
7.3950,3.492100081
7.4000,3.47022783
7.4050,3.448402082
7.4100,3.426424033
7.4150,3.404229696
7.4200,3.38196732
7.4250,3.359695214
7.4300,3.337438536
7.4350,3.315195012
7.4400,3.293343433
7.4450,3.271801384
7.4500,3.250895227
7.4550,3.230313651
7.4600,3.2101364
7.4650,3.190052796
7.4700,3.170132977
7.4750,3.150197972
7.4800,3.130433598
7.4850,3.110890677
7.4900,3.09176134
7.4950,3.07286428
7.5000,3.054182012
7.5050,3.035640272
7.5100,3.017336767
7.5150,2.999093686
7.5200,2.980871764
7.5250,2.962979092
7.5300,2.945066644
7.5350,2.926957222
7.5400,2.908688373
7.5450,2.890287467
7.5500,2.871776722
7.5550,2.853201218
7.5600,2.834595119
7.5650,2.815861408
7.5700,2.796944051
7.5750,2.777861271
7.5800,2.758629498
7.5850,2.739331327
7.5900,2.720127032
7.5950,2.700931573
7.6000,2.681986161
7.6050,2.663174274
7.6100,2.644567734
7.6150,2.626174983
7.6200,2.608171156
7.6250,2.590735399
7.6300,2.574015424
7.6350,2.558102872
7.6400,2.543083697
7.6450,2.528735562
7.6500,2.515198741
7.6550,2.502144035
7.6600,2.489494073
7.6650,2.477248429
7.6700,2.465184342
7.6750,2.453378348
7.6800,2.441561518
7.6850,2.429852083
7.6900,2.418091733
7.6950,2.406299382
7.7000,2.394459986
7.7050,2.382476415
7.7100,2.370270252
7.7150,2.358089485
7.7200,2.345680821
7.7250,2.333277384
7.7300,2.320797334
7.7350,2.308420763
7.7400,2.296078367
7.7450,2.283894702
7.7500,2.271959432
7.7550,2.2605009
7.7600,2.24977392
7.7650,2.240060708
7.7700,2.231391096
7.7750,2.223903536
7.7800,2.217649244
7.7850,2.212595516
7.7900,2.20867354
7.7950,2.205986987
7.8000,2.20443486
7.8050,2.204034374
7.8100,2.204833921
7.8150,2.206861415
7.8200,2.21003875
7.8250,2.214228479
7.8300,2.21942159
7.8350,2.225534307
7.8400,2.232681949
7.8450,2.240507629
7.8500,2.248852618
7.8550,2.257699701
7.8600,2.267132546
7.8650,2.276967175
7.8700,2.287178933
7.8750,2.297792042
7.8800,2.308977764
7.8850,2.320841668
7.8900,2.333248302
7.8950,2.346254222
7.9000,2.359793821
7.9050,2.373819534
7.9100,2.388223037
7.9150,2.40281706
7.9200,2.417604543
7.9250,2.432552908
7.9300,2.447750557
7.9350,2.463163497
7.9400,2.47882147
7.9450,2.494809211
7.9500,2.51113794
7.9550,2.527861501
7.9600,2.544825961
7.9650,2.562000531
7.9700,2.579572489
7.9750,2.597202254
7.9800,2.615136387
7.9850,2.633115334
7.9900,2.651113713
7.9950,2.669066194
8.0000,2.686745769
8.0050,2.70402391
8.0100,2.721002019
8.0150,2.737608096
8.0200,2.753792114
8.0250,2.769451123
8.0300,2.784681618
8.0350,2.799451332
8.0400,2.813852692
8.0450,2.827660898
8.0500,2.840984192
8.0550,2.85374245
8.0600,2.865935666
8.0650,2.877330944
8.0700,2.888096264
8.0750,2.898095808
8.0800,2.907113912
8.0850,2.915221818
8.0900,2.922164939
8.0950,2.927910429
8.1000,2.932551959
8.1050,2.935985657
8.1100,2.937921438
8.1150,2.938343885
8.1200,2.937264485
8.1250,2.93434892
8.1300,2.929674114
8.1350,2.923357704
8.1400,2.915040934
8.1450,2.904996886
8.1500,2.893260659
8.1550,2.879929557
8.1600,2.864933437
8.1650,2.848399407
8.1700,2.830519563
8.1750,2.811520666
8.1800,2.791338699
8.1850,2.770084222
8.1900,2.748090702
8.1950,2.725448542
8.2000,2.702467081
8.2050,2.679241404
8.2100,2.655840681
8.2150,2.632400049
8.2200,2.608729474
8.2250,2.585086412
8.2300,2.561306228
8.2350,2.537389054
8.2400,2.513326571
8.2450,2.489126015
8.2500,2.464820161
8.2550,2.440452085
8.2600,2.416150226
8.2650,2.391879123
8.2700,2.367671851
8.2750,2.343694904
8.2800,2.319837381
8.2850,2.296240789
8.2900,2.273160629
8.2950,2.250513957
8.3000,2.228620741
8.3050,2.207605627
8.3100,2.187737902
8.3150,2.168850026
8.3200,2.151202189
8.3250,2.134880967
8.3300,2.11996855
8.3350,2.106489322
8.3400,2.094391506
8.3450,2.084046518
8.3500,2.075313521
8.3550,2.068203385
8.3600,2.062765399
8.3650,2.059182172
8.3700,2.057239591
8.3750,2.057021817
8.3800,2.058649843
8.3850,2.062148794
8.3900,2.067512422
8.3950,2.074403834
8.4000,2.082648953
8.4050,2.092212487
8.4100,2.102962536
8.4150,2.114717398
8.4200,2.127157377
8.4250,2.14034457
8.4300,2.154260327
8.4350,2.168610715
8.4400,2.183321472
8.4450,2.198186028
8.4500,2.213065689
8.4550,2.227767948
8.4600,2.242302298
8.4650,2.256604003
8.4700,2.270640763
8.4750,2.284170473
8.4800,2.297283206
8.4850,2.30989797
8.4900,2.32183889
8.4950,2.333042469
8.5000,2.34330893
8.5050,2.352689131
8.5100,2.361147769
8.5150,2.368846175
8.5200,2.375907738
8.5250,2.382264719
8.5300,2.388169132
8.5350,2.393578636
8.5400,2.398533722
8.5450,2.403178818
8.5500,2.407470525
8.5550,2.411555584
8.5600,2.415404903
8.5650,2.418941166
8.5700,2.422276076
8.5750,2.425431202
8.5800,2.428410338
8.5850,2.43133931
8.5900,2.434149379
8.5950,2.437016497
8.6000,2.440009639
8.6050,2.443299688
8.6100,2.446672836
8.6150,2.450430564
8.6200,2.454580897
8.6250,2.459227908
8.6300,2.464459796
8.6350,2.47028812
8.6400,2.476903267
8.6450,2.484129239
8.6500,2.492152698
8.6550,2.500994364
8.6600,2.510686474
8.6650,2.521240805
8.6700,2.532704527
8.6750,2.545059714
8.6800,2.558250677
8.6850,2.572282936
8.6900,2.5869351
8.6950,2.602551612
8.7000,2.619215344
8.7050,2.636761051
8.7100,2.655313564
8.7150,2.674691502
8.7200,2.69502003
8.7250,2.716220309
8.7300,2.738124746
8.7350,2.760551039
8.7400,2.783457014
8.7450,2.806678793
8.7500,2.830295011
8.7550,2.854238741
8.7600,2.878422089
8.7650,2.902902582
8.7700,2.927579235
8.7750,2.952481809
8.7800,2.977580803
8.7850,3.00281192
8.7900,3.028073663
8.7950,3.05340462
8.8000,3.078803514
8.8050,3.104230957
8.8100,3.129648245
8.8150,3.154922528
8.8200,3.180029994
8.8250,3.204932042
8.8300,3.229494501
8.8350,3.25385108
8.8400,3.277938614
8.8450,3.30171927
8.8500,3.325187973
8.8550,3.348204284
8.8600,3.370784441
8.8650,3.393022876
8.8700,3.414784529
8.8750,3.436069689
8.8800,3.456941889
8.8850,3.477254101
8.8900,3.49709907
8.8950,3.5165876
8.9000,3.535588256
8.9050,3.554214271
8.9100,3.572649106
8.9150,3.590815493
8.9200,3.608893872
8.9250,3.626707261
8.9300,3.644309782
8.9350,3.661736141
8.9400,3.678939169
8.9450,3.696087885
8.9500,3.71296807
8.9550,3.729785412
8.9600,3.746431622
8.9650,3.762821285
8.9700,3.779081016
8.9750,3.795185727
8.9800,3.811080961
8.9850,3.826764906
8.9900,3.842372688
8.9950,3.857798194
9.0000,3.872901165
9.0050,3.887625934
9.0100,3.90199999
9.0150,3.91605904
9.0200,3.929888743
9.0250,3.943301869
9.0300,3.956279652
9.0350,3.969128387
9.0400,3.981800921
9.0450,3.994326925
9.0500,4.006504136
9.0550,4.018426223
9.0600,4.030012695
9.0650,4.041279799
9.0700,4.051850283
9.0750,4.061960457
9.0800,4.071461622
9.0850,4.080358128
9.0900,4.088784603
9.0950,4.09657861
9.1000,4.103779532
9.1050,4.110345395
9.1100,4.116323876
9.1150,4.121684868
9.1200,4.126489096
9.1250,4.130690013
9.1300,4.134395312
9.1350,4.137546449
9.1400,4.140322702
9.1450,4.142677531
9.1500,4.144782376
9.1550,4.146531172
9.1600,4.14803899
9.1650,4.149277845
9.1700,4.150341428
9.1750,4.151256097
9.1800,4.152059122
9.1850,4.152776309
9.1900,4.153387564
9.1950,4.153794241
9.2000,4.154136448
9.2050,4.154220113
9.2100,4.154072411
9.2150,4.153629748
9.2200,4.152950036
9.2250,4.152048457
9.2300,4.150966665
9.2350,4.149639535
9.2400,4.148057395
9.2450,4.146159654
9.2500,4.144118213
9.2550,4.141872507
9.2600,4.139450733
9.2650,4.136918939
9.2700,4.133983643
9.2750,4.13073448
9.2800,4.127374167
9.2850,4.123777814
9.2900,4.119963832
9.2950,4.115625387
9.3000,4.110939072
9.3050,4.105859949
9.3100,4.100246398
9.3150,4.094213032
9.3200,4.087540378
9.3250,4.08023524
9.3300,4.072270242
9.3350,4.063352721
9.3400,4.053644823
9.3450,4.042985287
9.3500,4.031579611
9.3550,4.019185824
9.3600,4.005827703
9.3650,3.991459674
9.3700,3.97636825
9.3750,3.96021764
9.3800,3.943190572
9.3850,3.925195795
9.3900,3.906186041
9.3950,3.886412519
9.4000,3.865759011
9.4050,3.844209048
9.4100,3.821887128
9.4150,3.798724518
9.4200,3.774908993
9.4250,3.750364948
9.4300,3.725043192
9.4350,3.699271936
9.4400,3.673041001
9.4450,3.646385081
9.4500,3.619534054
9.4550,3.592525564
9.4600,3.56543931
9.4650,3.538511184
9.4700,3.511785493
9.4750,3.485319289
9.4800,3.459119513
9.4850,3.433285632
9.4900,3.407671583
9.4950,3.382339576
9.5000,3.35729781
9.5050,3.332723617
9.5100,3.308486683
9.5150,3.284615384
9.5200,3.26108949
9.5250,3.237739612
9.5300,3.214529959
9.5350,3.191590429
9.5400,3.168957245
9.5450,3.14655495
9.5500,3.124216385
9.5550,3.101864075
9.5600,3.079458728
9.5650,3.057118149
9.5700,3.034991456
9.5750,3.01316743
9.5800,2.991504804
9.5850,2.970025443
9.5900,2.948818465
9.5950,2.928235378
9.6000,2.90804598
9.6050,2.888350681
9.6100,2.869222185
9.6150,2.850654937
9.6200,2.832633844
9.6250,2.815245818
9.6300,2.798454082
9.6350,2.782352753
9.6400,2.76672963
9.6450,2.7517079
9.6500,2.737208985
9.6550,2.723267698
9.6600,2.70985796
9.6650,2.696921177
9.6700,2.684403718
9.6750,2.672306056
9.6800,2.660426492
9.6850,2.648839111
9.6900,2.637439838
9.6950,2.626227924
9.7000,2.615164384
9.7050,2.604445863
9.7100,2.594146786
9.7150,2.584370569
9.7200,2.574972456
9.7250,2.566060417
9.7300,2.557725776
9.7350,2.549793865
9.7400,2.542347941
9.7450,2.535466815
9.7500,2.528833552
9.7550,2.5228
9.7600,2.517165419
9.7650,2.511890263
9.7700,2.506892687
9.7750,2.502190095
9.7800,2.497839649
9.7850,2.493674737
9.7900,2.489838606
9.7950,2.486335052
9.8000,2.483036295
9.8050,2.479796589
9.8100,2.476712276
9.8150,2.47377646
9.8200,2.470897373
9.8250,2.468132042
9.8300,2.465622997
9.8350,2.463278976
9.8400,2.461090925
9.8450,2.459170557
9.8500,2.457595989
9.8550,2.456483792
9.8600,2.455944668
9.8650,2.455653125
9.8700,2.455640543
9.8750,2.455847744
9.8800,2.456390629
9.8850,2.457370205
9.8900,2.458761538
9.8950,2.460406615
9.9000,2.462221677
9.9050,2.464346997
9.9100,2.466643555
9.9150,2.469121555
9.9200,2.471974411
9.9250,2.475058155
9.9300,2.478389864
9.9350,2.482019204
9.9400,2.486013981
9.9450,2.490257282
9.9500,2.494782027
9.9550,2.499451137
9.9600,2.504454159
9.9650,2.50954732
9.9700,2.514768994
9.9750,2.520110911
9.9800,2.525670112
9.9850,2.531482607
9.9900,2.537639024
9.9950,2.543981142
10.0000,2.550441064
10.0050,2.556996434
10.0100,2.563434248
10.0150,2.569759944
10.0200,2.576061048
10.0250,2.582347557
10.0300,2.588641307
10.0350,2.594962254
10.0400,2.601052756
10.0450,2.607190803
10.0500,2.613434675
10.0550,2.619479244
10.0600,2.625646885
10.0650,2.631811922
10.0700,2.638077324
10.0750,2.644593662
10.0800,2.6511034
10.0850,2.657960476
10.0900,2.665077043
10.0950,2.672325951
10.1000,2.679823416
10.1050,2.687666401
10.1100,2.695725942
10.1150,2.704078022
10.1200,2.712532102
10.1250,2.72133821
10.1300,2.730315389
10.1350,2.739491716
10.1400,2.748709044
10.1450,2.757959237
10.1500,2.767159717
10.1550,2.776297954
10.1600,2.785115418
10.1650,2.793733016
10.1700,2.802267758
10.1750,2.810372853
10.1800,2.817932662
10.1850,2.824931849
10.1900,2.831273821
10.1950,2.836979011
10.2000,2.842136138
10.2050,2.846620093
10.2100,2.850448777
10.2150,2.853510643
10.2200,2.855765335
10.2250,2.857282239
10.2300,2.858064005
10.2350,2.857989095
10.2400,2.857078241
10.2450,2.855350803
10.2500,2.852809194
10.2550,2.849698412
10.2600,2.845913705
10.2650,2.841687337
10.2700,2.837009772
10.2750,2.831873855
10.2800,2.826230902
10.2850,2.820033749
10.2900,2.813271442
10.2950,2.806077716
10.3000,2.798497426
10.3050,2.790443887
10.3100,2.781843861
10.3150,2.772853255
10.3200,2.763540463
10.3250,2.753863539
10.3300,2.743915111
10.3350,2.733826285
10.3400,2.723688402
10.3450,2.713408046
10.3500,2.703018034
10.3550,2.692859352
10.3600,2.682713296
10.3650,2.672730798
10.3700,2.662972922
10.3750,2.653205384
10.3800,2.643607851
10.3850,2.633934648
10.3900,2.624189837
10.3950,2.614427305
10.4000,2.604774869
10.4050,2.595032709
10.4100,2.585192882
10.4150,2.575252467
10.4200,2.565304228
10.4250,2.555209436
10.4300,2.544962441
10.4350,2.534494434
10.4400,2.523945992
10.4450,2.513088066
10.4500,2.501832381
10.4550,2.490247022
10.4600,2.478434939
10.4650,2.466536519
10.4700,2.454428283
10.4750,2.44233691
10.4800,2.430033046
10.4850,2.417599533
10.4900,2.405026748
10.4950,2.392245657
10.5000,2.379238092
10.5050,2.366083458
10.5100,2.352895796
10.5150,2.339631122
10.5200,2.326271966
10.5250,2.312732745
10.5300,2.298881353
10.5350,2.284881196
10.5400,2.270765881
10.5450,2.256385588
10.5500,2.241849335
10.5550,2.227051841
10.5600,2.211954926
10.5650,2.196533682
10.5700,2.180955842
10.5750,2.165173465
10.5800,2.149367954
10.5850,2.133523003
10.5900,2.117787479
10.5950,2.102173773
10.6000,2.086880791
10.6050,2.071933178
10.6100,2.0574932
10.6150,2.04358129
10.6200,2.030171416
10.6250,2.017452705
10.6300,2.005357241
10.6350,1.993818616
10.6400,1.982888587
10.6450,1.972581266
10.6500,1.962822283
10.6550,1.953693313
10.6600,1.945160801
10.6650,1.937264341
10.6700,1.929728653
10.6750,1.922722886
10.6800,1.916359077
10.6850,1.910661645
10.6900,1.905710586
10.6950,1.901397825
10.7000,1.897734222
10.7050,1.894664885
10.7100,1.892288432
10.7150,1.890605149
10.7200,1.88960773
10.7250,1.889479507
10.7300,1.890085653
10.7350,1.891606774
10.7400,1.893993392
10.7450,1.897240785
10.7500,1.901560289
10.7550,1.906749924
10.7600,1.91277824
10.7650,1.919479902
10.7700,1.926757622
10.7750,1.934591471
10.7800,1.943219836
10.7850,1.952365237
10.7900,1.962039731
10.7950,1.972380517
10.8000,1.983218062
10.8050,1.994447076
10.8100,2.006090284
10.8150,2.018097348
10.8200,2.03050499
10.8250,2.043412696
10.8300,2.056764887
10.8350,2.07074459
10.8400,2.085152698
10.8450,2.100281548
10.8500,2.11587533
10.8550,2.132116568
10.8600,2.148917002
10.8650,2.166262599
10.8700,2.184111712
10.8750,2.202471824
10.8800,2.221299658
10.8850,2.240551068
10.8900,2.259998608
10.8950,2.279627224
10.9000,2.299199724
10.9050,2.318806802
10.9100,2.338398337
10.9150,2.357821126
10.9200,2.377115517
10.9250,2.396145597
10.9300,2.414985252
10.9350,2.433495594
10.9400,2.451805242
10.9450,2.469691015
10.9500,2.487402968
10.9550,2.504712355
10.9600,2.521825985
10.9650,2.538628896
10.9700,2.55525939
10.9750,2.571803601
10.9800,2.588041994
10.9850,2.604054966
10.9900,2.619715771
10.9950,2.63523473
11.0000,2.650336055
11.0050,2.665115094
11.0100,2.679705553
11.0150,2.694036788
11.0200,2.708262405
11.0250,2.722036406
11.0300,2.735573334
11.0350,2.748577931
11.0400,2.761315948
11.0450,2.773717595
11.0500,2.785713855
11.0550,2.797423544
11.0600,2.808836154
11.0650,2.820008499
11.0700,2.831051693
11.0750,2.842086413
11.0800,2.852840809
11.0850,2.863504608
11.0900,2.874047279
11.0950,2.884449027
11.1000,2.894882794
11.1050,2.905388173
11.1100,2.91580783
11.1150,2.926364525
11.1200,2.936836533
11.1250,2.947271958
11.1300,2.957843091
11.1350,2.968251378
11.1400,2.978680579
11.1450,2.9891282
11.1500,2.99977417
11.1550,3.010389299
11.1600,3.021153093
11.1650,3.032076691
11.1700,3.043201568
11.1750,3.054508112
11.1800,3.065858259
11.1850,3.077349074
11.1900,3.089027664
11.1950,3.100843623
11.2000,3.112967623
11.2050,3.125223569
11.2100,3.137758127
11.2150,3.150400342
11.2200,3.163227333
11.2250,3.176129271
11.2300,3.189118504
11.2350,3.202290425
11.2400,3.21559671
11.2450,3.229121893
11.2500,3.242829001
11.2550,3.256762705
11.2600,3.270756688
11.2650,3.284821687
11.2700,3.299141849
11.2750,3.313405899
11.2800,3.327682521
11.2850,3.34185718
11.2900,3.356030725
11.2950,3.370016031
11.3000,3.383980466
11.3050,3.39794686
11.3100,3.411868307
11.3150,3.42566389
11.3200,3.439350444
11.3250,3.453134951
11.3300,3.466896398
11.3350,3.480994721
11.3400,3.495106145
11.3450,3.509430554
11.3500,3.523960331
11.3550,3.538682893
11.3600,3.553636713
11.3650,3.568844915
11.3700,3.584206061
11.3750,3.599821863
11.3800,3.615848515
11.3850,3.632275205
11.3900,3.648961757
11.3950,3.665968844
11.4000,3.683412098
11.4050,3.70117052
11.4100,3.719228837
11.4150,3.737514126
11.4200,3.756070244
11.4250,3.774787222
11.4300,3.793733246
11.4350,3.812933046
11.4400,3.832487105
11.4450,3.852266508
11.4500,3.872364559
11.4550,3.892843963
11.4600,3.913581921
11.4650,3.934574689
11.4700,3.955667564
11.4750,3.976968506
11.4800,3.998399352
11.4850,4.019832015
11.4900,4.041303751
11.4950,4.062687594
11.5000,4.084120758
11.5050,4.105446821
11.5100,4.126556578
11.5150,4.147569414
11.5200,4.168327684
11.5250,4.188902062
11.5300,4.20921354
11.5350,4.229420825
11.5400,4.249332922
11.5450,4.269109268
11.5500,4.288710194
11.5550,4.308094759
11.5600,4.327333594
11.5650,4.346501328
11.5700,4.365569563
11.5750,4.384705866
11.5800,4.404029969
11.5850,4.42358112
11.5900,4.443198104
11.5950,4.462893342
11.6000,4.482670363
11.6050,4.502543878
11.6100,4.52239987
11.6150,4.542339657
11.6200,4.562364322
11.6250,4.582533809
11.6300,4.602657985
11.6350,4.622639822
11.6400,4.642562126
11.6450,4.662421335
11.6500,4.682360751
11.6550,4.702292871
11.6600,4.722343261
11.6650,4.742572152
11.6700,4.763097552
11.6750,4.783863687
11.6800,4.804910465
11.6850,4.826094974
11.6900,4.847791041
11.6950,4.869632355
11.7000,4.891679884
11.7050,4.913945461
11.7100,4.936506209
11.7150,4.959151613
11.7200,4.982011167
11.7250,5.005029103
11.7300,5.028137913
11.7350,5.051281576
11.7400,5.074375757
11.7450,5.097424159
11.7500,5.120220891
11.7550,5.142943329
11.7600,5.165691249
11.7650,5.188399533
11.7700,5.211143542
11.7750,5.233817726
11.7800,5.256297299
11.7850,5.278800631
11.7900,5.301167569
11.7950,5.323734935
11.8000,5.346235238
11.8050,5.368598254
11.8100,5.391099837
11.8150,5.413708548
11.8200,5.436317167
11.8250,5.459034541
11.8300,5.481716452
11.8350,5.504306241
11.8400,5.526852896
11.8450,5.549260288
11.8500,5.571518943
11.8550,5.593590117
11.8600,5.61554574
11.8650,5.637297521
11.8700,5.658767279
11.8750,5.679978956
11.8800,5.700789498
11.8850,5.721202356
11.8900,5.741232927
11.8950,5.760989493
11.9000,5.780335356
11.9050,5.799358937
11.9100,5.817989566
11.9150,5.836103366
11.9200,5.853483854
11.9250,5.870025489
11.9300,5.886002376
11.9350,5.901360083
11.9400,5.916091849
11.9450,5.930238759
11.9500,5.943742102
11.9550,5.9567246
11.9600,5.969226068
11.9650,5.981200809
11.9700,5.992589142
11.9750,6.003434236
11.9800,6.013971838
11.9850,6.024272509
11.9900,6.034116297
11.9950,6.04394782
12.0000,6.053714133
12.0050,6.063488159
12.0100,6.073207089
12.0150,6.083125987
12.0200,6.093206522
12.0250,6.103572593
12.0300,6.114125933
12.0350,6.125091434
12.0400,6.136390134
12.0450,6.1482296
12.0500,6.160513568
12.0550,6.17329404
12.0600,6.186444978
12.0650,6.200202434
12.0700,6.214382663
12.0750,6.229100866
12.0800,6.244545069
12.0850,6.260479985
12.0900,6.27703675
12.0950,6.294057161
12.1000,6.311478557
12.1050,6.329566736
12.1100,6.348036066
12.1150,6.367013222
12.1200,6.386424067
12.1250,6.406153906
12.1300,6.426237647
12.1350,6.446412104
12.1400,6.466636375
12.1450,6.486822021
12.1500,6.506755337
12.1550,6.526273311
12.1600,6.545195915
12.1650,6.563537164
12.1700,6.580999412
12.1750,6.597496047
12.1800,6.613078082
12.1850,6.627559184
12.1900,6.641017663
12.1950,6.653461844
12.2000,6.664730663
12.2050,6.674667345
12.2100,6.683168029
12.2150,6.690380565
12.2200,6.696487128
12.2250,6.701583719
12.2300,6.705805875
12.2350,6.709210819
12.2400,6.71194564
12.2450,6.714131278
12.2500,6.715834042
12.2550,6.717080153
12.2600,6.71786603
12.2650,6.718416091
12.2700,6.718823766
12.2750,6.719135527
12.2800,6.719145897
12.2850,6.71888446
12.2900,6.718642595
12.2950,6.718255268
12.3000,6.717535462
12.3050,6.716660788
12.3100,6.715612814
12.3150,6.714470766
12.3200,6.713018714
12.3250,6.711314847
12.3300,6.709406694
12.3350,6.707096121
12.3400,6.704566973
12.3450,6.701771612
12.3500,6.698836223
12.3550,6.69561644
12.3600,6.692172764
12.3650,6.688504471
12.3700,6.684806197
12.3750,6.681019668
12.3800,6.677335452
12.3850,6.673613922
12.3900,6.670034851
12.3950,6.66633277
12.4000,6.662578031
12.4050,6.658613977
12.4100,6.654507195
12.4150,6.65007157
12.4200,6.64539086
12.4250,6.640276798
12.4300,6.63469223
12.4350,6.628651716
12.4400,6.622090799
12.4450,6.614959217
12.4500,6.607322087
12.4550,6.599133405
12.4600,6.590515913
12.4650,6.581332083
12.4700,6.571678156
12.4750,6.561513827
12.4800,6.550780959
12.4850,6.539620213
12.4900,6.527951587
12.4950,6.515707686
12.5000,6.503188271
12.5050,6.490425693
12.5100,6.477464025
12.5150,6.464418656
12.5200,6.451249217
12.5250,6.437997226
12.5300,6.424527677
12.5350,6.411001877
12.5400,6.397314508
12.5450,6.383471498
12.5500,6.369515803
12.5550,6.355393454
12.5600,6.341128946
12.5650,6.326653173
12.5700,6.311894293
12.5750,6.296864549
12.5800,6.281614785
12.5850,6.266145107
12.5900,6.25032818
12.5950,6.234267947
12.6000,6.217939214
12.6050,6.201239087
12.6100,6.184362307
12.6150,6.167008777
12.6200,6.149468583
12.6250,6.131629648
12.6300,6.113558214
12.6350,6.095320673
12.6400,6.076797366
12.6450,6.058096649
12.6500,6.039346097
12.6550,6.020572659
12.6600,6.001916459
12.6650,5.983395563
12.6700,5.965070607
12.6750,5.94700944
12.6800,5.929170657
12.6850,5.911819953
12.6900,5.894813848
12.6950,5.87834806
12.7000,5.862374226
12.7050,5.846982795
12.7100,5.832101352
12.7150,5.817775192
12.7200,5.803904129
12.7250,5.790707786
12.7300,5.778139884
12.7350,5.766163829
12.7400,5.754839732
12.7450,5.744132293
12.7500,5.733980271
12.7550,5.724580483
12.7600,5.715777008
12.7650,5.707513891
12.7700,5.699948005
12.7750,5.693123171
12.7800,5.687034687
12.7850,5.681615484
12.7900,5.676979008
12.7950,5.673070541
12.8000,5.669824733
12.8050,5.667175236
12.8100,5.665196702
12.8150,5.663803507
12.8200,5.662815703
12.8250,5.662205053
12.8300,5.661950406
12.8350,5.66199321
12.8400,5.662266143
12.8450,5.662725615
12.8500,5.663273679
12.8550,5.664017249
12.8600,5.664810569
12.8650,5.665452382
12.8700,5.666002415
12.8750,5.666234987
12.8800,5.666107766
12.8850,5.665771985
12.8900,5.66499008
12.8950,5.663715873
12.9000,5.662098401
12.9050,5.660054557
12.9100,5.6574497
12.9150,5.654365807
12.9200,5.65068401
12.9250,5.646484158
12.9300,5.641575983
12.9350,5.63603429
12.9400,5.629977214
12.9450,5.623214326
12.9500,5.615716717
12.9550,5.607526292
12.9600,5.598733541
12.9650,5.589110935
12.9700,5.578928375
12.9750,5.567995428
12.9800,5.55633275
12.9850,5.543885035
12.9900,5.530552668
12.9950,5.516155584
13.0000,5.500891409
13.0050,5.484598095
13.0100,5.467272184
13.0150,5.448746158
13.0200,5.429149548
13.0250,5.408288799
13.0300,5.38620752
13.0350,5.363028085
13.0400,5.33870361
13.0450,5.313169486
13.0500,5.286622684
13.0550,5.259009159
13.0600,5.230447768
13.0650,5.201059123
13.0700,5.17079527
13.0750,5.139809007
13.0800,5.108072212
13.0850,5.075751887
13.0900,5.042842581
13.0950,5.009720038
13.1000,4.976198944
13.1050,4.942493222
13.1100,4.908708501
13.1150,4.874860105
13.1200,4.841074006
13.1250,4.807344918
13.1300,4.773680406
13.1350,4.74000814
13.1400,4.706451535
13.1450,4.672955046
13.1500,4.639334561
13.1550,4.605826609
13.1600,4.572121702
13.1650,4.538469068
13.1700,4.504808468
13.1750,4.471193031
13.1800,4.43765417
13.1850,4.4040026
13.1900,4.370461303
13.1950,4.336977635
13.2000,4.303535901
13.2050,4.270162209
13.2100,4.23687636
13.2150,4.203686401
13.2200,4.170668262
13.2250,4.137707777
13.2300,4.105012513
13.2350,4.072420497
13.2400,4.039922766
13.2450,4.007464679
13.2500,3.975130665
13.2550,3.942797439
13.2600,3.910375122
13.2650,3.878000021
13.2700,3.84544612
13.2750,3.812843102
13.2800,3.780175009
13.2850,3.747407251
13.2900,3.714562852
13.2950,3.681694816
13.3000,3.648616852
13.3050,3.615432781
13.3100,3.582000539
13.3150,3.548547179
13.3200,3.514969243
13.3250,3.481320259
13.3300,3.447715439
13.3350,3.413994057
13.3400,3.380293569
13.3450,3.346595969
13.3500,3.312743581
13.3550,3.278770175
13.3600,3.244658137
13.3650,3.210372004
13.3700,3.175946599
13.3750,3.141451798
13.3800,3.107006209
13.3850,3.072743557
13.3900,3.038702787
13.3950,3.004694631
13.4000,2.970996268
13.4050,2.93767611
13.4100,2.904591394
13.4150,2.871800876
13.4200,2.839435911
13.4250,2.807384129
13.4300,2.775827228
13.4350,2.744794719
13.4400,2.714252076
13.4450,2.684329663
13.4500,2.655162971
13.4550,2.626608029
13.4600,2.598886615
13.4650,2.571878302
13.4700,2.545605622
13.4750,2.520256229
13.4800,2.496154982
13.4850,2.473467533
13.4900,2.452105188
13.4950,2.431981386
13.5000,2.413123488
13.5050,2.395382119
13.5100,2.378660808
13.5150,2.362881066
13.5200,2.347876087
13.5250,2.333661593
13.5300,2.320002596
13.5350,2.306827732
13.5400,2.293905298
13.5450,2.281498437
13.5500,2.269567517
13.5550,2.258335568
13.5600,2.24794508
13.5650,2.238331028
13.5700,2.229284809
13.5750,2.220843345
13.5800,2.212631233
13.5850,2.204779152
13.5900,2.197062346
13.5950,2.189569752
13.6000,2.182226281
13.6050,2.175053022
13.6100,2.168138179
13.6150,2.161599139
13.6200,2.155362041
13.6250,2.149377027
13.6300,2.143528894
13.6350,2.137721134
13.6400,2.131876809
13.6450,2.126209182
13.6500,2.120747051
13.6550,2.115505335
13.6600,2.110570988
13.6650,2.106030372
13.6700,2.102079521
13.6750,2.098705898
13.6800,2.095979254
13.6850,2.093721702
13.6900,2.092085764
13.6950,2.091025476
13.7000,2.090349702
13.7050,2.090078347
13.7100,2.090252129
13.7150,2.090867823
13.7200,2.091970189
13.7250,2.093466015
13.7300,2.095298959
13.7350,2.097367768
13.7400,2.099784289
13.7450,2.102508359
13.7500,2.105590305
13.7550,2.108997465
13.7600,2.112728092
13.7650,2.116776833
13.7700,2.121120482
13.7750,2.12534411
13.7800,2.128991147
13.7850,2.1317625
13.7900,2.133675363
13.7950,2.134720853
13.8000,2.134840885
13.8050,2.134031446
13.8100,2.132354893
13.8150,2.129637006
13.8200,2.125911565
13.8250,2.121152845
13.8300,2.115315592
13.8350,2.108531482
13.8400,2.100929736
13.8450,2.09213525
13.8500,2.082292077
13.8550,2.071242988
13.8600,2.058736314
13.8650,2.044894779
13.8700,2.030032255
13.8750,2.01425986
13.8800,1.998050834
13.8850,1.981479972
13.8900,1.965049836
13.8950,1.94865317
13.9000,1.932799104
13.9050,1.917409512
13.9100,1.902539775
13.9150,1.888279978
13.9200,1.874662092
13.9250,1.861852886
13.9300,1.850062856
13.9350,1.839472424
13.9400,1.830195814
13.9450,1.822111268
13.9500,1.815464327
13.9550,1.810035227
13.9600,1.805930698
13.9650,1.803011413
13.9700,1.801311526
13.9750,1.800631945
13.9800,1.800885292
13.9850,1.802223814
13.9900,1.804663179
13.9950,1.808244345
14.0000,1.812952762
14.0050,1.818742565
14.0100,1.825591423
14.0150,1.833417624
14.0200,1.842057618
14.0250,1.851550683
14.0300,1.861765141
14.0350,1.872620897
14.0400,1.884065313
14.0450,1.896027326
14.0500,1.908465515
14.0550,1.92124894
14.0600,1.934298931
14.0650,1.947651206
14.0700,1.961083571
14.0750,1.97470911
14.0800,1.988408399
14.0850,2.002086078
14.0900,2.015364011
14.0950,2.028053957
14.1000,2.0398345
14.1050,2.050680362
14.1100,2.060640658
14.1150,2.06982845
14.1200,2.078317844
14.1250,2.085906251
14.1300,2.092392135
14.1350,2.097815182
14.1400,2.101894366
14.1450,2.104864141
14.1500,2.106551057
14.1550,2.1068021
14.1600,2.105682497
14.1650,2.10319372
14.1700,2.099391806
14.1750,2.094311975
14.1800,2.087943607
14.1850,2.08048463
14.1900,2.071914847
14.1950,2.062587726
14.2000,2.052549127
14.2050,2.042104683
14.2100,2.031438102
14.2150,2.020796128
14.2200,2.010427874
14.2250,2.000545898
14.2300,1.991211028
14.2350,1.982658044
14.2400,1.975043473
14.2450,1.968649046
14.2500,1.963333099
14.2550,1.959466986
14.2600,1.956979761
14.2650,1.956010367
14.2700,1.956310981
14.2750,1.957911487
14.2800,1.960781524
14.2850,1.964680089
14.2900,1.969380205
14.2950,1.974622003
14.3000,1.980424614
14.3050,1.98649607
14.3100,1.992820914
14.3150,1.999076759
14.3200,2.005328995
14.3250,2.011573654
14.3300,2.017680281
14.3350,2.023724037
14.3400,2.02955267
14.3450,2.034995418
14.3500,2.040137451
14.3550,2.044613377
14.3600,2.048564397
14.3650,2.051880571
14.3700,2.05453992
14.3750,2.056456003
14.3800,2.057641457
14.3850,2.058018651
14.3900,2.057820779
14.3950,2.057020985
14.4000,2.055598797
14.4050,2.053616743
14.4100,2.050652797
14.4150,2.0465591
14.4200,2.04128322
14.4250,2.03479589
14.4300,2.027386999
14.4350,2.018985752
14.4400,2.009655728
14.4450,1.999469559
14.4500,1.988536044
14.4550,1.977130793
14.4600,1.965513132
14.4650,1.953923488
14.4700,1.942467035
14.4750,1.931350981
14.4800,1.92084558
14.4850,1.91081423
14.4900,1.901573088
14.4950,1.89331775
14.5000,1.885893227
14.5050,1.879571254
14.5100,1.874352747
14.5150,1.870156886
14.5200,1.867175545
14.5250,1.865325079
14.5300,1.864711736
14.5350,1.865377736
14.5400,1.867374767
14.5450,1.870766809
14.5500,1.875611155
14.5550,1.881854917
14.5600,1.889605238
14.5650,1.898799364
14.5700,1.90934928
14.5750,1.921298558
14.5800,1.934636302
14.5850,1.949240246
14.5900,1.965130817
14.5950,1.98225195
14.6000,2.000272355
14.6050,2.01934298
14.6100,2.039218184
14.6150,2.059917158
14.6200,2.081236422
14.6250,2.1030904
14.6300,2.125446369
14.6350,2.148051472
14.6400,2.170799993
14.6450,2.193620085
14.6500,2.216233332
14.6550,2.238792655
14.6600,2.260973312
14.6650,2.282660429
14.6700,2.303895688
14.6750,2.324690153
14.6800,2.3449658
14.6850,2.364804987
14.6900,2.384006236
14.6950,2.402754806
14.7000,2.420917278
14.7050,2.438513198
14.7100,2.455582877
14.7150,2.472255054
14.7200,2.488139788
14.7250,2.503533801
14.7300,2.518341972
14.7350,2.532589893
14.7400,2.546335155
14.7450,2.559641913
14.7500,2.572381046
14.7550,2.584658912
14.7600,2.596562715
14.7650,2.608085615
14.7700,2.619363037
14.7750,2.630519025
14.7800,2.641507177
14.7850,2.652517121
14.7900,2.663350744
14.7950,2.674176547
14.8000,2.685067475
14.8050,2.695970628
14.8100,2.707145135
14.8150,2.718583795
14.8200,2.730375899
14.8250,2.742667071
14.8300,2.755378342
14.8350,2.768675705
14.8400,2.782452909
14.8450,2.796804275
14.8500,2.811589188
14.8550,2.826814529
14.8600,2.842420498
14.8650,2.858322747
14.8700,2.87465195
14.8750,2.891389334
14.8800,2.90850911
14.8850,2.926045728
14.8900,2.943779692
14.8950,2.961880711
14.9000,2.980477658
14.9050,2.999293275
14.9100,3.018367192
14.9150,3.037646046
14.9200,3.05710372
14.9250,3.076607427
14.9300,3.096101513
14.9350,3.115573338
14.9400,3.134952334
14.9450,3.154275723
14.9500,3.17338686
14.9550,3.192257953
14.9600,3.210973349
14.9650,3.229510144
14.9700,3.247813336
14.9750,3.265673777
14.9800,3.28317271
14.9850,3.300252676
14.9900,3.316988587
14.9950,3.333065909
15.0000,3.348785731
15.0050,3.363854915
15.0100,3.378384961
15.0150,3.392448683
15.0200,3.406156799
15.0250,3.419318892
15.0300,3.432032428
15.0350,3.444231484
15.0400,3.455924273
15.0450,3.467048503
15.0500,3.477523874
15.0550,3.487560887
15.0600,3.496941995
15.0650,3.505638585
15.0700,3.513597891
15.0750,3.520882076
15.0800,3.527390465
15.0850,3.533331756
15.0900,3.538808147
15.0950,3.543546857
15.1000,3.547724649
15.1050,3.551301946
15.1100,3.554216698
15.1150,3.556485377
15.1200,3.558133305
15.1250,3.559124898
15.1300,3.55958354
15.1350,3.559373101
15.1400,3.558632588
15.1450,3.557290803
15.1500,3.555435067
15.1550,3.553274175
15.1600,3.5506923
15.1650,3.547670906
15.1700,3.544307749
15.1750,3.540524223
15.1800,3.536139652
15.1850,3.53119122
15.1900,3.525746327
15.1950,3.519585052
15.2000,3.512824858
15.2050,3.505655916
15.2100,3.498106401
15.2150,3.49031076
15.2200,3.482271166
15.2250,3.474071355
15.2300,3.465700279
15.2350,3.457152378
15.2400,3.44866384
15.2450,3.440169056
15.2500,3.431633669
15.2550,3.423146909
15.2600,3.414523279
15.2650,3.405695083
15.2700,3.396733225
15.2750,3.387679742
15.2800,3.37838385
15.2850,3.368948238
15.2900,3.359207351
15.2950,3.349499353
15.3000,3.339481301
15.3050,3.32938418
15.3100,3.319372339
15.3150,3.309222663
15.3200,3.299103321
15.3250,3.288860608
15.3300,3.278423041
15.3350,3.267892961
15.3400,3.257265871
15.3450,3.246478169
15.3500,3.235719091
15.3550,3.224715905
15.3600,3.213725482
15.3650,3.202708261
15.3700,3.19168886
15.3750,3.180562022
15.3800,3.169526083
15.3850,3.158485159
15.3900,3.147337912
15.3950,3.136097524
15.4000,3.124680118
15.4050,3.113040307
15.4100,3.101280269
15.4150,3.089314943
15.4200,3.077116477
15.4250,3.064945975
15.4300,3.052645077
15.4350,3.040430276
15.4400,3.028357202
15.4450,3.016377986
15.4500,3.004363027
15.4550,2.992379748
15.4600,2.980387982
15.4650,2.968454527
15.4700,2.956391511
15.4750,2.944106131
15.4800,2.93184212
15.4850,2.919414658
15.4900,2.906835049
15.4950,2.89415379
15.5000,2.881182769
15.5050,2.867896293
15.5100,2.85414313
15.5150,2.840140899
15.5200,2.825731057
15.5250,2.811069483
15.5300,2.796074941
15.5350,2.780852259
15.5400,2.765213773
15.5450,2.749394271
15.5500,2.733616333
15.5550,2.717777019
15.5600,2.702187004
15.5650,2.686965007
15.5700,2.671850166
15.5750,2.657153094
15.5800,2.64301104
15.5850,2.629322273
15.5900,2.616220288
15.5950,2.603487918
15.6000,2.591380156
15.6050,2.57963987
15.6100,2.567927689
15.6150,2.556504698
15.6200,2.545255826
15.6250,2.534260433
15.6300,2.52344606
15.6350,2.512634802
15.6400,2.501998052
15.6450,2.491677783
15.6500,2.481659046
15.6550,2.47198881
15.6600,2.462582011
15.6650,2.453615143
15.6700,2.445141762
15.6750,2.437050955
15.6800,2.429491017
15.6850,2.42230356
15.6900,2.415593081
15.6950,2.40937991
15.7000,2.403771721
15.7050,2.398791644
15.7100,2.394171942
15.7150,2.390123449
15.7200,2.386628629
15.7250,2.383448607
15.7300,2.380832922
15.7350,2.378462608
15.7400,2.376275386
15.7450,2.374165445
15.7500,2.372457484
15.7550,2.370684501
15.7600,2.368922736
15.7650,2.367202166
15.7700,2.365536572
15.7750,2.363819439
15.7800,2.362098202
15.7850,2.360468751
15.7900,2.358956876
15.7950,2.357660915
15.8000,2.356864455
15.8050,2.356367139
15.8100,2.356506163
15.8150,2.35672773
15.8200,2.35729176
15.8250,2.35803777
15.8300,2.359127556
15.8350,2.360577439
15.8400,2.362490287
15.8450,2.364696033
15.8500,2.367127518
15.8550,2.36997662
15.8600,2.373106956
15.8650,2.376659344
15.8700,2.380748211
15.8750,2.385203656
15.8800,2.390090979
15.8850,2.395273474
15.8900,2.400718711
15.8950,2.406393141
15.9000,2.412096895
15.9050,2.417941175
15.9100,2.424122803
15.9150,2.43027408
15.9200,2.436387489
15.9250,2.442409368
15.9300,2.448392321
15.9350,2.454448305
15.9400,2.460528492
15.9450,2.46644346
15.9500,2.472374233
15.9550,2.478416542
15.9600,2.484712915
15.9650,2.491181944
15.9700,2.497979663
15.9750,2.505331427
15.9800,2.513226529
15.9850,2.521816272
15.9900,2.531238913
15.9950,2.541616121
16.0000,2.552922594
16.0050,2.565226041
16.0100,2.578586628
16.0150,2.592881063
16.0200,2.608031958
16.0250,2.623916327
16.0300,2.640302959
16.0350,2.657248007
16.0400,2.674548366
16.0450,2.692159452
16.0500,2.709965422
16.0550,2.727884232
16.0600,2.745763164
16.0650,2.763477709
16.0700,2.780875965
16.0750,2.798072287
16.0800,2.814746698
16.0850,2.831126677
16.0900,2.847112434
16.0950,2.862681274
16.1000,2.877701696
16.1050,2.892271308
16.1100,2.906301792
16.1150,2.920082543
16.1200,2.933395141
16.1250,2.946417729
16.1300,2.958914333
16.1350,2.970909785
16.1400,2.982389987
16.1450,2.993266066
16.1500,3.003681387
16.1550,3.013406273
16.1600,3.02260418
16.1650,3.03099019
16.1700,3.03868767
16.1750,3.045704857
16.1800,3.05192431
16.1850,3.057457226
16.1900,3.062309839
16.1950,3.066619876
16.2000,3.07050212
16.2050,3.073841939
16.2100,3.07665061
16.2150,3.078972189
16.2200,3.081024415
16.2250,3.082919939
16.2300,3.084637334
16.2350,3.086329564
16.2400,3.088132338
16.2450,3.090187862
16.2500,3.092205433
16.2550,3.094303348
16.2600,3.096403031
16.2650,3.098531243
16.2700,3.100409999
16.2750,3.102221816
16.2800,3.103628773
16.2850,3.104689996
16.2900,3.105395497
16.2950,3.105684498
16.3000,3.105561017
16.3050,3.104888288
16.3100,3.103831302
16.3150,3.10243609
16.3200,3.10065976
16.3250,3.098531967
16.3300,3.096115244
16.3350,3.093254721
16.3400,3.090137596
16.3450,3.086862369
16.3500,3.08318544
16.3550,3.079372268
16.3600,3.075373255
16.3650,3.071360578
16.3700,3.067449177
16.3750,3.063626486
16.3800,3.060005583
16.3850,3.056426847
16.3900,3.053082329
16.3950,3.049773622
16.4000,3.046749729
16.4050,3.044023871
16.4100,3.041578783
16.4150,3.039462882
16.4200,3.037899623
16.4250,3.036815531
16.4300,3.036336831
16.4350,3.036545879
16.4400,3.037347826
16.4450,3.038924256
16.4500,3.041087383
16.4550,3.043977292
16.4600,3.047577238
16.4650,3.051936177
16.4700,3.057100146
16.4750,3.063022664
16.4800,3.069565878
16.4850,3.076815152
16.4900,3.084705838
16.4950,3.093099984
16.5000,3.101968653
16.5050,3.111561456
16.5100,3.121621194
16.5150,3.132187338
16.5200,3.143166343
16.5250,3.154603283
16.5300,3.166444684
16.5350,3.17869485
16.5400,3.191259331
16.5450,3.204022149
16.5500,3.217338344
16.5550,3.230867984
16.5600,3.244740046
16.5650,3.259023822
16.5700,3.273713577
16.5750,3.288647491
16.5800,3.304028779
16.5850,3.319762343
16.5900,3.335722745
16.5950,3.35193616
16.6000,3.36836631
16.6050,3.385014969
16.6100,3.401625679
16.6150,3.418123197
16.6200,3.434638689
16.6250,3.45092895
16.6300,3.467016132
16.6350,3.483004184
16.6400,3.498755964
16.6450,3.514167554
16.6500,3.529487716
16.6550,3.54453688
16.6600,3.559556059
16.6650,3.574356289
16.6700,3.58902104
16.6750,3.603599341
16.6800,3.617998967
16.6850,3.632426359
16.6900,3.646687881
16.6950,3.661041682
16.7000,3.675243718
16.7050,3.689587635
16.7100,3.703908132
16.7150,3.718199123
16.7200,3.732567385
16.7250,3.74690435
16.7300,3.761214342
16.7350,3.775477634
16.7400,3.789662316
16.7450,3.803676427
16.7500,3.817465317
16.7550,3.831119993
16.7600,3.844594817
16.7650,3.858006267
16.7700,3.871105157
16.7750,3.883857886
16.7800,3.896341574
16.7850,3.90859644
16.7900,3.920632894
16.7950,3.932476482
16.8000,3.944316568
16.8050,3.955877522
16.8100,3.967293735
16.8150,3.978655614
16.8200,3.989856324
16.8250,4.000948306
16.8300,4.012001675
16.8350,4.022889003
16.8400,4.033659528
16.8450,4.044358654
16.8500,4.054881503
16.8550,4.065303495
16.8600,4.075691431
16.8650,4.085914408
16.8700,4.095968612
16.8750,4.105929623
16.8800,4.115586896
16.8850,4.125066806
16.8900,4.134387043
16.8950,4.143517973
16.9000,4.152374643
16.9050,4.161134568
16.9100,4.169986942
16.9150,4.178760591
16.9200,4.187297894
16.9250,4.195842832
16.9300,4.204251716
16.9350,4.212502669
16.9400,4.220736408
16.9450,4.229003557
16.9500,4.237186614
16.9550,4.245314293
16.9600,4.253343556
16.9650,4.261566634
16.9700,4.269763901
16.9750,4.278057938
16.9800,4.286698283
16.9850,4.295497573
16.9900,4.304573922
16.9950,4.313933804
17.0000,4.323528117
17.0050,4.333217845
17.0100,4.343168877
17.0150,4.353306523
17.0200,4.363348899
17.0250,4.373512793
17.0300,4.383768801
17.0350,4.394013882
17.0400,4.404324458
17.0450,4.414661864
17.0500,4.425226547
17.0550,4.435938969
17.0600,4.446745574
17.0650,4.457544194
17.0700,4.468402948
17.0750,4.479504305
17.0800,4.490805891
17.0850,4.502131297
17.0900,4.513493614
17.0950,4.524954633
17.1000,4.536410134
17.1050,4.547981656
17.1100,4.559705708
17.1150,4.571547434
17.1200,4.58346342
17.1250,4.595456391
17.1300,4.60744967
17.1350,4.619413832
17.1400,4.6313524
17.1450,4.643270133
17.1500,4.655123612
17.1550,4.666964708
17.1600,4.678605266
17.1650,4.690139847
17.1700,4.701761918
17.1750,4.713278788
17.1800,4.724791519
17.1850,4.736284626
17.1900,4.747571644
17.1950,4.758978723
17.2000,4.770221715
17.2050,4.781320077
17.2100,4.79223608
17.2150,4.803016028
17.2200,4.813719949
17.2250,4.824231348
17.2300,4.834450399
17.2350,4.844640288
17.2400,4.85440817
17.2450,4.863915253
17.2500,4.872983817
17.2550,4.881909756
17.2600,4.890662491
17.2650,4.898934201
17.2700,4.906878899
17.2750,4.914462808
17.2800,4.921596155
17.2850,4.928206877
17.2900,4.934440792
17.2950,4.940284457
17.3000,4.945834323
17.3050,4.951036682
17.3100,4.955904383
17.3150,4.96049528
17.3200,4.965044137
17.3250,4.969230081
17.3300,4.973311161
17.3350,4.97709672
17.3400,4.980594942
17.3450,4.983839956
17.3500,4.986739934
17.3550,4.989163667
17.3600,4.991138965
17.3650,4.992685517
17.3700,4.993872026
17.3750,4.994595408
17.3800,4.994905111
17.3850,4.995091214
17.3900,4.995074727
17.3950,4.9948845
17.4000,4.994520137
17.4050,4.99404354
17.4100,4.993547547
17.4150,4.993101938
17.4200,4.992779144
17.4250,4.992579045
17.4300,4.992694857
17.4350,4.993064018
17.4400,4.993658816
17.4450,4.994599231
17.4500,4.995784794
17.4550,4.997192256
17.4600,4.998928683
17.4650,5.001108987
17.4700,5.003565738
17.4750,5.006470281
17.4800,5.009919304
17.4850,5.013610245
17.4900,5.017972358
17.4950,5.022616309
17.5000,5.027808101
17.5050,5.03345487
17.5100,5.039671971
17.5150,5.046324677
17.5200,5.053523222
17.5250,5.061538369
17.5300,5.070300656
17.5350,5.079639669
17.5400,5.089788595
17.5450,5.100389321
17.5500,5.111701218
17.5550,5.123326513
17.5600,5.135323675
17.5650,5.147798092
17.5700,5.160478653
17.5750,5.173315356
17.5800,5.186192981
17.5850,5.199092706
17.5900,5.2117513
17.5950,5.224120828
17.6000,5.236238963
17.6050,5.248011172
17.6100,5.259409073
17.6150,5.27048141
17.6200,5.281036201
17.6250,5.291293624
17.6300,5.301048743
17.6350,5.310512909
17.6400,5.319673562
17.6450,5.32859077
17.6500,5.337584319
17.6550,5.346500813
17.6600,5.355206659
17.6650,5.363883843
17.6700,5.37258299
17.6750,5.381371862
17.6800,5.390197145
17.6850,5.398979492
17.6900,5.40799293
17.6950,5.416998095
17.7000,5.426232083
17.7050,5.435562492
17.7100,5.4450554
17.7150,5.454552331
17.7200,5.464206409
17.7250,5.473833266
17.7300,5.483411881
17.7350,5.493101593
17.7400,5.502739275
17.7450,5.512324441
17.7500,5.521809098
17.7550,5.531363984
17.7600,5.540758532
17.7650,5.550006839
17.7700,5.559218769
17.7750,5.568200187
17.7800,5.576905538
17.7850,5.585514517
17.7900,5.593852144
17.7950,5.601968974
17.8000,5.609986169
17.8050,5.61786079
17.8100,5.625590409
17.8150,5.63331814
17.8200,5.640931227
17.8250,5.648218553
17.8300,5.655383253
17.8350,5.662400799
17.8400,5.669319821
17.8450,5.676127652
17.8500,5.682786307
17.8550,5.689349235
17.8600,5.695603934
17.8650,5.701520897
17.8700,5.707343841
17.8750,5.712938679
17.8800,5.718358973
17.8850,5.723599179
17.8900,5.728759316
17.8950,5.733798363
17.9000,5.738696102
17.9050,5.743460252
17.9100,5.748154851
17.9150,5.752759037
17.9200,5.757250599
17.9250,5.761503726
17.9300,5.765602633
17.9350,5.769568231
17.9400,5.773403096
17.9450,5.777192463
17.9500,5.780540717
17.9550,5.78373821
17.9600,5.78714523
17.9650,5.790609106
17.9700,5.794073532
17.9750,5.797489163
17.9800,5.800987464
17.9850,5.804378776
17.9900,5.807707181
17.9950,5.811142942
18.0000,5.814483629
18.0050,5.817942456
18.0100,5.821361239
18.0150,5.824803287
18.0200,5.827992082
18.0250,5.831287609
18.0300,5.834541344
18.0350,5.837665539
18.0400,5.840717286
18.0450,5.843600796
18.0500,5.846324219
18.0550,5.848783624
18.0600,5.850871406
18.0650,5.852581906
18.0700,5.853880728
18.0750,5.85470065
18.0800,5.855079588
18.0850,5.855234014
18.0900,5.855009102
18.0950,5.854460168
18.1000,5.853547166
18.1050,5.852399469
18.1100,5.850869271
18.1150,5.849062533
18.1200,5.847037541
18.1250,5.844928452
18.1300,5.842633857
18.1350,5.840336417
18.1400,5.837922834
18.1450,5.835593791
18.1500,5.833388725
18.1550,5.83121402
18.1600,5.829175546
18.1650,5.827361651
18.1700,5.825642456
18.1750,5.823897316
18.1800,5.822108064
18.1850,5.820486126
18.1900,5.818946613
18.1950,5.817485629
18.2000,5.81606328
18.2050,5.81475449
18.2100,5.813488496
18.2150,5.812322086
18.2200,5.81151335
18.2250,5.810976444
18.2300,5.810746165
18.2350,5.810760765
18.2400,5.811063888
18.2450,5.811646626
18.2500,5.812662466
18.2550,5.814061019
18.2600,5.815701074
18.2650,5.817530219
18.2700,5.81955675
18.2750,5.821737962
18.2800,5.824105625
18.2850,5.826628128
18.2900,5.829074637
18.2950,5.831554415
18.3000,5.833797652
18.3050,5.835792929
18.3100,5.837454355
18.3150,5.838883133
18.3200,5.840113455
18.3250,5.84101369
18.3300,5.841577936
18.3350,5.841778288
18.3400,5.841652329
18.3450,5.841059375
18.3500,5.840103453
18.3550,5.838841645
18.3600,5.837275883
18.3650,5.835459854
18.3700,5.833275208
18.3750,5.830871613
18.3800,5.828161553
18.3850,5.825042222
18.3900,5.82154155
18.3950,5.817731726
18.4000,5.813568172
18.4050,5.809009825
18.4100,5.804144233
18.4150,5.798848999
18.4200,5.793107373
18.4250,5.7868779
18.4300,5.780197369
18.4350,5.77304658
18.4400,5.765402586
18.4450,5.757227113
18.4500,5.748454568
18.4550,5.73935101
18.4600,5.729733581
18.4650,5.719682969
18.4700,5.709243847
18.4750,5.698776417
18.4800,5.688236375
18.4850,5.677569444
18.4900,5.666781151
18.4950,5.655885629
18.5000,5.645016455
18.5050,5.634099732
18.5100,5.62331804
18.5150,5.612506921
18.5200,5.601551724
18.5250,5.59065866
18.5300,5.579728165
18.5350,5.569008354
18.5400,5.558428222
18.5450,5.547990977
18.5500,5.53770796
18.5550,5.527547731
18.5600,5.517587314
18.5650,5.507864725
18.5700,5.498217536
18.5750,5.48877631
18.5800,5.479514927
18.5850,5.470454124
18.5900,5.46178632
18.5950,5.45329381
18.6000,5.445167945
18.6050,5.437342858
18.6100,5.429778367
18.6150,5.422531262
18.6200,5.41559253
18.6250,5.408927306
18.6300,5.402515183
18.6350,5.396384274
18.6400,5.390435688
18.6450,5.384789593
18.6500,5.379429986
18.6550,5.374123829
18.6600,5.369019259
18.6650,5.364024681
18.6700,5.35907602
18.6750,5.354049888
18.6800,5.349013615
18.6850,5.343986125
18.6900,5.339039993
18.6950,5.334073189
18.7000,5.329134438
18.7050,5.324344576
18.7100,5.319513982
18.7150,5.315016511
18.7200,5.3106733
18.7250,5.306443011
18.7300,5.302396856
18.7350,5.298217509
18.7400,5.293928448
18.7450,5.289631806
18.7500,5.285208791
18.7550,5.280515595
18.7600,5.27582701
18.7650,5.270952518
18.7700,5.265941307
18.7750,5.260730845
18.7800,5.255341909
18.7850,5.249729329
18.7900,5.244047533
18.7950,5.238179571
18.8000,5.232059414
18.8050,5.225661424
18.8100,5.218787614
18.8150,5.211496817
18.8200,5.203618761
18.8250,5.195115704
18.8300,5.186042168
18.8350,5.176110224
18.8400,5.165510419
18.8450,5.153962715
18.8500,5.141389062
18.8550,5.127797984
18.8600,5.11302681
18.8650,5.09703971
18.8700,5.079998827
18.8750,5.061690518
18.8800,5.042297524
18.8850,5.021762911
18.8900,5.000152173
18.8950,4.977568362
18.9000,4.954234698
18.9050,4.930223379
18.9100,4.905808943
18.9150,4.880946948
18.9200,4.855756505
18.9250,4.830357761
18.9300,4.804919127
18.9350,4.779332208
18.9400,4.753837556
18.9450,4.728292474
18.9500,4.70275322
18.9550,4.677397999
18.9600,4.652113954
18.9650,4.626842458
18.9700,4.60165728
18.9750,4.576794501
18.9800,4.552209476
18.9850,4.527818718
18.9900,4.503537207
18.9950,4.479564198
19.0000,4.45575292
19.0050,4.432013142
19.0100,4.408353885
19.0150,4.384436059
19.0200,4.360459318
19.0250,4.336279909
19.0300,4.311906629
19.0350,4.287444712
19.0400,4.263013652
19.0450,4.238510073
19.0500,4.214176308
19.0550,4.189949602
19.0600,4.165732035
19.0650,4.141611127
19.0700,4.117588854
19.0750,4.093430116
19.0800,4.069161322
19.0850,4.044711905
19.0900,4.019870229
19.0950,3.994835294
19.1000,3.969389899
19.1050,3.943493824
19.1100,3.917135182
19.1150,3.890149723
19.1200,3.862641037
19.1250,3.834505408
19.1300,3.805753655
19.1350,3.776416392
19.1400,3.746366814
19.1450,3.715739641
19.1500,3.684484246
19.1550,3.652662591
19.1600,3.620211955
19.1650,3.587084664
19.1700,3.553455695
19.1750,3.519427774
19.1800,3.484925049
19.1850,3.450212535
19.1900,3.415365486
19.1950,3.380484641
19.2000,3.345625578
19.2050,3.310896547
19.2100,3.276380037
19.2150,3.242264714
19.2200,3.208808514
19.2250,3.175898371
19.2300,3.143594168
19.2350,3.112026127
19.2400,3.081082966
19.2450,3.051028819
19.2500,3.021766758
19.2550,2.99327316
19.2600,2.965447053
19.2650,2.938290619
19.2700,2.91194569
19.2750,2.886255154
19.2800,2.861328537
19.2850,2.837298703
19.2900,2.814131777
19.2950,2.791923157
19.3000,2.770725424
19.3050,2.750280707
19.3100,2.730659684
19.3150,2.711858231
19.3200,2.693557437
19.3250,2.675788153
19.3300,2.658727747
19.3350,2.642120376
19.3400,2.625985208
19.3450,2.610392695
19.3500,2.595195259
19.3550,2.580757049
19.3600,2.567014533
19.3650,2.553769103
19.3700,2.541022185
19.3750,2.528868745
19.3800,2.517071334
19.3850,2.505650484
19.3900,2.494719092
19.3950,2.483951466
19.4000,2.473436089
19.4050,2.463431814
19.4100,2.454094919
19.4150,2.445692082
19.4200,2.438167691
19.4250,2.43128238
19.4300,2.425074823
19.4350,2.419385325
19.4400,2.414114487
19.4450,2.409080661
19.4500,2.404315838
19.4550,2.399735384
19.4600,2.39544046
19.4650,2.391524343
19.4700,2.387963161
19.4750,2.385067316
19.4800,2.382918314
19.4850,2.381773242
19.4900,2.381599203
19.4950,2.382588746
19.5000,2.38446886
19.5050,2.387274544
19.5100,2.390921877
19.5150,2.395401504
19.5200,2.400416528
19.5250,2.40622223
19.5300,2.412718613
19.5350,2.419825065
19.5400,2.427384623
19.5450,2.435387469
19.5500,2.443814702
19.5550,2.452535979
19.5600,2.461874055
19.5650,2.471794582
19.5700,2.482169448
19.5750,2.493062802
19.5800,2.504185654
19.5850,2.515242658
19.5900,2.525956285
19.5950,2.535894319
19.6000,2.544942579
19.6050,2.553249833
19.6100,2.560594809
19.6150,2.567052727
19.6200,2.57276145
19.6250,2.577748623
19.6300,2.581759838
19.6350,2.585001211
19.6400,2.587364305
19.6450,2.588946823
19.6500,2.589625169
19.6550,2.589054864
19.6600,2.58740482
19.6650,2.584623898
19.6700,2.580859026
19.6750,2.576214097
19.6800,2.570961333
19.6850,2.564966151
19.6900,2.558459356
19.6950,2.5516468
19.7000,2.544678346
19.7050,2.53764709
19.7100,2.530314499
19.7150,2.522850336
19.7200,2.515159519
19.7250,2.507516919
19.7300,2.499963848
19.7350,2.492571833
19.7400,2.485619755
19.7450,2.479306108
19.7500,2.473756747
19.7550,2.46903792
19.7600,2.465277905
19.7650,2.462548656
19.7700,2.461133174
19.7750,2.460909324
19.7800,2.461806298
19.7850,2.463591165
19.7900,2.466201852
19.7950,2.469699119
19.8000,2.474284473
19.8050,2.479954286
19.8100,2.486627255
19.8150,2.4944556
19.8200,2.503482263
19.8250,2.51336256
19.8300,2.52418464
19.8350,2.535967154
19.8400,2.548889429
19.8450,2.562589488
19.8500,2.577100822
19.8550,2.592443534
19.8600,2.608323546
19.8650,2.624569634
19.8700,2.640924656
19.8750,2.657371106
19.8800,2.673882667
19.8850,2.690538482
19.8900,2.707704524
19.8950,2.725289443
19.9000,2.743480601
19.9050,2.762209072
19.9100,2.781652365
19.9150,2.801569342
19.9200,2.821976052
19.9250,2.842720049
19.9300,2.863916701
19.9350,2.885446988
19.9400,2.907118004
19.9450,2.928865157
19.9500,2.950822756
19.9550,2.973112706
19.9600,2.995615026
19.9650,3.018582281
19.9700,3.041913568
19.9750,3.065564038
19.9800,3.089622082
19.9850,3.114178904
19.9900,3.139059825
19.9950,3.164290827
20.0000,3.189862265
20.0050,3.215616044
20.0100,3.241670846
20.0150,3.267839914
20.0200,3.294252513
20.0250,3.320890145
20.0300,3.347556133
20.0350,3.374397909
20.0400,3.401133604
20.0450,3.427751904
20.0500,3.454389325
20.0550,3.480997501
20.0600,3.507495674
20.0650,3.534084785
20.0700,3.560370435
20.0750,3.586463849
20.0800,3.612219851
20.0850,3.637748472
20.0900,3.663127503
20.0950,3.688365609
20.1000,3.713245648
20.1050,3.737862432
20.1100,3.762090011
20.1150,3.78565897
20.1200,3.808675575
20.1250,3.831001942
20.1300,3.852647867
20.1350,3.87358237
20.1400,3.893652995
20.1450,3.912936713
20.1500,3.931513025
20.1550,3.949335411
20.1600,3.966438083
20.1650,3.98287113
20.1700,3.998793781
20.1750,4.014042571
20.1800,4.028850082
20.1850,4.043244889
20.1900,4.057101419
20.1950,4.070620698
20.2000,4.083753104
20.2050,4.096383748
20.2100,4.108606536
20.2150,4.120458585
20.2200,4.131880948
20.2250,4.142918415
20.2300,4.153480929
20.2350,4.163543607
20.2400,4.173108025
20.2450,4.182291568
20.2500,4.190728021
20.2550,4.198447989
20.2600,4.205626771
20.2650,4.212052363
20.2700,4.217600346
20.2750,4.222371478
20.2800,4.226250029
20.2850,4.229444855
20.2900,4.231837286
20.2950,4.233366048
20.3000,4.234017832
20.3050,4.233659789
20.3100,4.232212915
20.3150,4.229614079
20.3200,4.226081204
20.3250,4.221452242
20.3300,4.216010641
20.3350,4.209616338
20.3400,4.202492898
20.3450,4.194719919
20.3500,4.185887506
20.3550,4.176121679
20.3600,4.165553773
20.3650,4.153868636
20.3700,4.1411996
20.3750,4.127356113
20.3800,4.112617757
20.3850,4.09677621
20.3900,4.079821535
20.3950,4.06161509
20.4000,4.042435182
20.4050,4.022057702
20.4100,4.000678953
20.4150,3.978389351
20.4200,3.955407005
20.4250,3.931948421
20.4300,3.908116028
20.4350,3.883708927
20.4400,3.859179589
20.4450,3.834496104
20.4500,3.809760308
20.4550,3.785189089
20.4600,3.760904701
20.4650,3.737050634
20.4700,3.713890333
20.4750,3.691514776
20.4800,3.669873766
20.4850,3.649132371
20.4900,3.629389775
20.4950,3.610694049
20.5000,3.592949045
20.5050,3.576299692
20.5100,3.560546043
20.5150,3.545826899
20.5200,3.532022812
20.5250,3.51926763
20.5300,3.50743171
20.5350,3.496566875
20.5400,3.486747452
20.5450,3.477671413
20.5500,3.469473173
20.5550,3.462287465
20.5600,3.455829045
20.5650,3.450119799
20.5700,3.445406883
20.5750,3.441477992
20.5800,3.438320086
20.5850,3.435619038
20.5900,3.433542683
20.5950,3.432078671
20.6000,3.431192615
20.6050,3.430912588
20.6100,3.431215087
20.6150,3.432149573
20.6200,3.433487686
20.6250,3.435247871
20.6300,3.437370054
20.6350,3.439885159
20.6400,3.442688705
20.6450,3.445670473
20.6500,3.449051384
20.6550,3.452780117
20.6600,3.456647977
20.6650,3.46083007
20.6700,3.465329362
20.6750,3.470099808
20.6800,3.475198963
20.6850,3.480765443
20.6900,3.48672939
20.6950,3.493096832
20.7000,3.499982297
20.7050,3.507436423
20.7100,3.515560493
20.7150,3.524212761
20.7200,3.533144677
20.7250,3.542342804
20.7300,3.55170852
20.7350,3.561361111
20.7400,3.571016955
20.7450,3.58097
20.7500,3.590988408
20.7550,3.601233427
20.7600,3.61157803
20.7650,3.622094759
20.7700,3.632685386
20.7750,3.643318998
20.7800,3.654151767
20.7850,3.66509003
20.7900,3.676204275
20.7950,3.687491025
20.8000,3.699128421
20.8050,3.711002662
20.8100,3.722972693
20.8150,3.735086885
20.8200,3.747343315
20.8250,3.759554778
20.8300,3.77183905
20.8350,3.784100573
20.8400,3.796358246
20.8450,3.808654884
20.8500,3.821045448
20.8550,3.833241091
20.8600,3.845198009
20.8650,3.857172825
20.8700,3.868870763
20.8750,3.880328067
20.8800,3.891464197
20.8850,3.902271322
20.8900,3.912643642
20.8950,3.922694537
20.9000,3.932283939
20.9050,3.94150363
20.9100,3.950435184
20.9150,3.959072402
20.9200,3.967424905
20.9250,3.975616744
20.9300,3.983590397
20.9350,3.991242215
20.9400,3.998515563
20.9450,4.005505109
20.9500,4.012100981
20.9550,4.018320667
20.9600,4.024132921
20.9650,4.029481513
20.9700,4.03429105
20.9750,4.038691904
20.9800,4.042482477
20.9850,4.045817305
20.9900,4.04869736
20.9950,4.051106407
21.0000,4.052945131
21.0050,4.054130783
21.0100,4.054704846
21.0150,4.054688978
21.0200,4.054164255
21.0250,4.053064136
21.0300,4.051546049
21.0350,4.049773578
21.0400,4.047815177
21.0450,4.04548561
21.0500,4.043096594
21.0550,4.040312335
21.0600,4.037491408
21.0650,4.034574282
21.0700,4.03153396
21.0750,4.028548464
21.0800,4.02549662
21.0850,4.022293445
21.0900,4.018826552
21.0950,4.015180884
21.1000,4.011228567
21.1050,4.006947965
21.1100,4.002581847
21.1150,3.997883577
21.1200,3.992926065
21.1250,3.987662851
21.1300,3.981956208
21.1350,3.976003837
21.1400,3.969671018
21.1450,3.962821526
21.1500,3.955676475
21.1550,3.948353414
21.1600,3.940957615
21.1650,3.933253636
21.1700,3.925418613
21.1750,3.917513188
21.1800,3.909548362
21.1850,3.901639264
21.1900,3.893795666
21.1950,3.885987692
21.2000,3.878317499
21.2050,3.87053529
21.2100,3.86275427
21.2150,3.854923808
21.2200,3.847148228
21.2250,3.839298132
21.2300,3.831296223
21.2350,3.823332177
21.2400,3.815335402
21.2450,3.807335133
21.2500,3.799341504
21.2550,3.791347227
21.2600,3.783443406
21.2650,3.775679362
21.2700,3.768153116
21.2750,3.760641823
21.2800,3.753393773
21.2850,3.746232694
21.2900,3.739363147
21.2950,3.732781798
21.3000,3.726517724
21.3050,3.720690386
21.3100,3.715085417
21.3150,3.709719335
21.3200,3.70439822
21.3250,3.699218899
21.3300,3.693931103
21.3350,3.68865252
21.3400,3.683244023
21.3450,3.677659357
21.3500,3.671725067
21.3550,3.665618311
21.3600,3.658832371
21.3650,3.651396449
21.3700,3.643392923
21.3750,3.634668416
21.3800,3.625308368
21.3850,3.615258168
21.3900,3.604737249
21.3950,3.593509118
21.4000,3.581530983
21.4050,3.568966643
21.4100,3.555656829
21.4150,3.541766385
21.4200,3.52718219
21.4250,3.511961485
21.4300,3.496068535
21.4350,3.479346926
21.4400,3.462012984
21.4450,3.444064476
21.4500,3.425484421
21.4550,3.406299526
21.4600,3.386470467
21.4650,3.36611176
21.4700,3.345115454
21.4750,3.323403782
21.4800,3.30110585
21.4850,3.278385553
21.4900,3.255213798
21.4950,3.231744883
21.5000,3.208053246
21.5050,3.184467396
21.5100,3.160866456
21.5150,3.137318299
21.5200,3.113729733
21.5250,3.090305588
21.5300,3.067082037
21.5350,3.044071786
21.5400,3.02139644
21.5450,2.998995726
21.5500,2.976981168
21.5550,2.955194656
21.5600,2.933758369
21.5650,2.912660821
21.5700,2.891871033
21.5750,2.871613308
21.5800,2.851838612
21.5850,2.832510657
21.5900,2.813656478
21.5950,2.795243111
21.6000,2.777430645
21.6050,2.760258078
21.6100,2.743992468
21.6150,2.728720948
21.6200,2.714577748
21.6250,2.70161978
21.6300,2.68987561
21.6350,2.679196978
21.6400,2.669602944
21.6450,2.661279645
21.6500,2.654106567
21.6550,2.647999583
21.6600,2.643302492
21.6650,2.639780348
21.6700,2.637373347
21.6750,2.636031122
21.6800,2.635578642
21.6850,2.63612029
21.6900,2.637347903
21.6950,2.639170496
21.7000,2.641637107
21.7050,2.644584026
21.7100,2.648031634
21.7150,2.651778846
21.7200,2.656034711
21.7250,2.660548442
21.7300,2.665289464
21.7350,2.670292815
21.7400,2.675378367
21.7450,2.680479602
21.7500,2.685558977
21.7550,2.690445451
21.7600,2.69524481
21.7650,2.699711772
21.7700,2.703820565
21.7750,2.707630675
21.7800,2.71112952
21.7850,2.714309896
21.7900,2.717238325
21.7950,2.719790345
21.8000,2.721950064
21.8050,2.723734952
21.8100,2.725165567
21.8150,2.726268672
21.8200,2.727283178
21.8250,2.728348499
21.8300,2.729529439
21.8350,2.730911063
21.8400,2.732400281
21.8450,2.734036437
21.8500,2.735881425
21.8550,2.738099937
21.8600,2.740544468
21.8650,2.743250622
21.8700,2.746265221
21.8750,2.749478585
21.8800,2.752957233
21.8850,2.756870915
21.8900,2.761066508
21.8950,2.765782992
21.9000,2.770839379
21.9050,2.776426965
21.9100,2.782532906
21.9150,2.789259072
21.9200,2.796737751
21.9250,2.804814128
21.9300,2.813575495
21.9350,2.823151475
21.9400,2.833641807
21.9450,2.844884278
21.9500,2.857069315
21.9550,2.870042328
21.9600,2.883761122
21.9650,2.89838268
21.9700,2.913778845
21.9750,2.929866865
21.9800,2.946721426
21.9850,2.964146523
21.9900,2.981977816
21.9950,3.000393495
22.0000,3.019189808
22.0050,3.038207514
22.0100,3.057269876
22.0150,3.076478861
22.0200,3.095539635
22.0250,3.114476467
22.0300,3.1332308
22.0350,3.151791004
22.0400,3.170027442
22.0450,3.188113212
22.0500,3.205700548
22.0550,3.222761346
22.0600,3.239147114
22.0650,3.255042154
22.0700,3.270454991
22.0750,3.285181394
22.0800,3.299214057
22.0850,3.312508408
22.0900,3.325124104
22.0950,3.337046625
22.1000,3.348444038
22.1050,3.359293051
22.1100,3.369724377
22.1150,3.379639825
22.1200,3.388913428
22.1250,3.397540355
22.1300,3.405559832
22.1350,3.412932148
22.1400,3.419863409
22.1450,3.426215547
22.1500,3.431973698
22.1550,3.437093363
22.1600,3.441559764
22.1650,3.445539514
22.1700,3.449076521
22.1750,3.452377177
22.1800,3.455281297
22.1850,3.457767186
22.1900,3.459871607
22.1950,3.461644631
22.2000,3.463174358
22.2050,3.464409477
22.2100,3.465257485
22.2150,3.465702205
22.2200,3.465754251
22.2250,3.465586312
22.2300,3.465087032
22.2350,3.46429811
22.2400,3.463091068
22.2450,3.46164567
22.2500,3.459826213
22.2550,3.457831536
22.2600,3.455602448
22.2650,3.453150718
22.2700,3.450454765
22.2750,3.447681242
22.2800,3.444674536
22.2850,3.441501975
22.2900,3.438113659
22.2950,3.434489406
22.3000,3.43049072
22.3050,3.426306773
22.3100,3.421999593
22.3150,3.417360789
22.3200,3.412480769
22.3250,3.407357468
22.3300,3.402094906
22.3350,3.396559639
22.3400,3.390831929
22.3450,3.384788997
22.3500,3.378665657
22.3550,3.372383908
22.3600,3.366250887
22.3650,3.360248709
22.3700,3.354544885
22.3750,3.349341747
22.3800,3.344747902
22.3850,3.340861179
22.3900,3.337570109
22.3950,3.335160586
22.4000,3.333618881
22.4050,3.332887503
22.4100,3.332930839
22.4150,3.334152111
22.4200,3.3364134
22.4250,3.339744804
22.4300,3.34389789
22.4350,3.349148192
22.4400,3.355254109
22.4450,3.362450187
22.4500,3.370521047
22.4550,3.379541742
22.4600,3.389529988
22.4650,3.400268241
22.4700,3.411606056
22.4750,3.423502922
22.4800,3.435888685
22.4850,3.448767646
22.4900,3.462312813
22.4950,3.476172853
22.5000,3.490450552
22.5050,3.505072662
22.5100,3.520081132
22.5150,3.535454496
22.5200,3.551208932
22.5250,3.5672636
22.5300,3.58376048
22.5350,3.600620095
22.5400,3.61778235
22.5450,3.635022689
22.5500,3.652440169
22.5550,3.669972897
22.5600,3.687668951
22.5650,3.705257727
22.5700,3.722728203
22.5750,3.74000079
22.5800,3.757044296
22.5850,3.773666036
22.5900,3.790197959
22.5950,3.806414469
22.6000,3.822456569
22.6050,3.838182501
22.6100,3.853657223
22.6150,3.868880224
22.6200,3.883793539
22.6250,3.898635412
22.6300,3.913270551
22.6350,3.927843232
22.6400,3.942273058
22.6450,3.956745169
22.6500,3.971223319
22.6550,3.985834907
22.6600,4.000425907
22.6650,4.014950767
22.6700,4.029320426
22.6750,4.043475356
22.6800,4.057472143
22.6850,4.071223558
22.6900,4.084848099
22.6950,4.098299535
22.7000,4.111483169
22.7050,4.12457927
22.7100,4.137810938
22.7150,4.150764599
22.7200,4.163602983
22.7250,4.17630301
22.7300,4.189012283
22.7350,4.201415624
22.7400,4.21363154
22.7450,4.225417056
22.7500,4.236836985
22.7550,4.247723164
22.7600,4.258146752
22.7650,4.267939152
22.7700,4.277159744
22.7750,4.285781536
22.7800,4.293803037
22.7850,4.301310631
22.7900,4.30805837
22.7950,4.314270981
22.8000,4.319984177
22.8050,4.325157348
22.8100,4.329844817
22.8150,4.333934354
22.8200,4.337565732
22.8250,4.340843275
22.8300,4.343869937
22.8350,4.346623348
22.8400,4.349237085
22.8450,4.352016358
22.8500,4.354810992
22.8550,4.35767278
22.8600,4.360505885
22.8650,4.363422908
22.8700,4.366601165
22.8750,4.369906988
22.8800,4.373653808
22.8850,4.377811495
22.8900,4.382201678
22.8950,4.386949219
22.9000,4.391989239
22.9050,4.39740331
22.9100,4.40308823
22.9150,4.409098665
22.9200,4.415529535
22.9250,4.422214147
22.9300,4.429284933
22.9350,4.436668008
22.9400,4.444443436
22.9450,4.452389388
22.9500,4.460646429
22.9550,4.46926978
22.9600,4.478167473
22.9650,4.487562421
22.9700,4.497360356
22.9750,4.507811912
22.9800,4.518787017
22.9850,4.530339875
22.9900,4.54249907
22.9950,4.555189204
23.0000,4.568392431
23.0050,4.582071561
23.0100,4.595921243
23.0150,4.610299239
23.0200,4.625010143
23.0250,4.639967291
23.0300,4.655226607
23.0350,4.670710555
23.0400,4.686327434
23.0450,4.702057909
23.0500,4.717984827
23.0550,4.734108022
23.0600,4.750249339
23.0650,4.766569622
23.0700,4.782863481
23.0750,4.799095043
23.0800,4.815219768
23.0850,4.83135479
23.0900,4.847502884
23.0950,4.863598193
23.1000,4.879663015
23.1050,4.895609943
23.1100,4.911368355
23.1150,4.927159551
23.1200,4.942619624
23.1250,4.957809142
23.1300,4.972594844
23.1350,4.986904922
23.1400,5.000757743
23.1450,5.01404932
23.1500,5.026876
23.1550,5.039104835
23.1600,5.050662054
23.1650,5.061728034
23.1700,5.072111004
23.1750,5.081913595
23.1800,5.090924202
23.1850,5.099362411
23.1900,5.107227796
23.1950,5.114529546
23.2000,5.121240168
23.2050,5.127547523
23.2100,5.13356522
23.2150,5.139227539
23.2200,5.144701955
23.2250,5.150111618
23.2300,5.155410945
23.2350,5.160597446
23.2400,5.165803163
23.2450,5.171143766
23.2500,5.176303678
23.2550,5.181435061
23.2600,5.186539587
23.2650,5.191552209
23.2700,5.196503902
23.2750,5.20127347
23.2800,5.205976126
23.2850,5.210531621
23.2900,5.215130529
23.2950,5.219579884
23.3000,5.223901466
23.3050,5.228254522
23.3100,5.232685972
23.3150,5.237013896
23.3200,5.24144348
23.3250,5.245929784
23.3300,5.25049133
23.3350,5.255170094
23.3400,5.259913784
23.3450,5.265039734
23.3500,5.270264073
23.3550,5.275840617
23.3600,5.281678673
23.3650,5.287667632
23.3700,5.293929009
23.3750,5.300341514
23.3800,5.307064182
23.3850,5.313857847
23.3900,5.320731911
23.3950,5.327722932
23.4000,5.334770407
23.4050,5.341853047
23.4100,5.349111404
23.4150,5.356419789
23.4200,5.363866903
23.4250,5.371262693
23.4300,5.378581505
23.4350,5.385902076
23.4400,5.39309617
23.4450,5.400194617
23.4500,5.407081334
23.4550,5.413857816
23.4600,5.420627255
23.4650,5.427284217
23.4700,5.433789805
23.4750,5.440172109
23.4800,5.446439766
23.4850,5.4526488
23.4900,5.458740175
23.4950,5.464754732
23.5000,5.470816635
23.5050,5.476695013
23.5100,5.482393927
23.5150,5.488118311
23.5200,5.493760965
23.5250,5.499486568
23.5300,5.505205698
23.5350,5.510873073
23.5400,5.516554298
23.5450,5.522341078
23.5500,5.528341477
23.5550,5.534515693
23.5600,5.540867211
23.5650,5.547215488
23.5700,5.553723138
23.5750,5.560276188
23.5800,5.566798212
23.5850,5.573330209
23.5900,5.579506962
23.5950,5.585741224
23.6000,5.592104984
23.6050,5.598260683
23.6100,5.604400592
23.6150,5.610452977
23.6200,5.616491979
23.6250,5.622677037
23.6300,5.628895421
23.6350,5.635194847
23.6400,5.641621258
23.6450,5.648084989
23.6500,5.654834324
23.6550,5.661688442
23.6600,5.668730233
23.6650,5.676247119
23.6700,5.684248144
23.6750,5.69282598
23.6800,5.701888329
23.6850,5.711406318
23.6900,5.721491672
23.6950,5.73200826
23.7000,5.742609822
23.7050,5.753457977
23.7100,5.764501567
23.7150,5.775475788
23.7200,5.786452212
23.7250,5.797396528
23.7300,5.808383101
23.7350,5.819333647
23.7400,5.830213668
23.7450,5.840889672
23.7500,5.851334424
23.7550,5.861396092
23.7600,5.871028946
23.7650,5.880075784
23.7700,5.888536768
23.7750,5.896135109
23.7800,5.902867585
23.7850,5.908664644
23.7900,5.913611465
23.7950,5.917508842
23.8000,5.920381244
23.8050,5.922301844
23.8100,5.923167911
23.8150,5.922879656
23.8200,5.921252175
23.8250,5.918042767
23.8300,5.913396677
23.8350,5.907274805
23.8400,5.899612672
23.8450,5.890227634
23.8500,5.87931282
23.8550,5.866618975
23.8600,5.852277589
23.8650,5.836510684
23.8700,5.819366311
23.8750,5.801102468
23.8800,5.781752688
23.8850,5.761333599
23.8900,5.740316899
23.8950,5.718564704
23.9000,5.696204264
23.9050,5.67356202
23.9100,5.650683819
23.9150,5.627859615
23.9200,5.605123204
23.9250,5.58247912
23.9300,5.560076945
23.9350,5.538126478
23.9400,5.516761516
23.9450,5.49596133
23.9500,5.475699859
23.9550,5.455920489
23.9600,5.436930471
23.9650,5.418507176
23.9700,5.400604143
23.9750,5.383397325
23.9800,5.366942368
23.9850,5.351243254
23.9900,5.336195398
23.9950,5.322062794
24.0000,5.308859391
24.0050,5.29660551
24.0100,5.285136069
24.0150,5.274617429
24.0200,5.264987997
24.0250,5.256560873
24.0300,5.248936465
24.0350,5.242241998
24.0400,5.236450668
24.0450,5.231490089
24.0500,5.227316699
24.0550,5.223874425
24.0600,5.221072699
24.0650,5.218900029
24.0700,5.217159871
24.0750,5.21592451
24.0800,5.214964195
24.0850,5.214180101
24.0900,5.213364659
24.0950,5.212573518
24.1000,5.211581723
24.1050,5.210291627
24.1100,5.20878753
24.1150,5.206961545
24.1200,5.204977019
24.1250,5.202773649
24.1300,5.200316358
24.1350,5.197547056
24.1400,5.194526891
24.1450,5.191332131
24.1500,5.18784313
24.1550,5.184190633
24.1600,5.180294517
24.1650,5.176319751
24.1700,5.172242286
24.1750,5.167924235
24.1800,5.163673202
24.1850,5.159550244
24.1900,5.155477426
24.1950,5.151485074
24.2000,5.147487227
24.2050,5.143512426
24.2100,5.139621383
24.2150,5.135757199
24.2200,5.131923685
24.2250,5.128230191
24.2300,5.124709275
24.2350,5.121277391
24.2400,5.117914142
24.2450,5.114689429
24.2500,5.111775338
24.2550,5.109205043
24.2600,5.106837165
24.2650,5.104812908
24.2700,5.103238591
24.2750,5.101825603
24.2800,5.10052861
24.2850,5.099349636
24.2900,5.098425212
24.2950,5.097639829
24.3000,5.097102466
24.3050,5.09682699
24.3100,5.096768517
24.3150,5.096986932
24.3200,5.097359952
24.3250,5.097766196
24.3300,5.098257239
24.3350,5.0986849
24.3400,5.099080214
24.3450,5.099275762
24.3500,5.099232415
24.3550,5.098894775
24.3600,5.098223537
24.3650,5.097054831
24.3700,5.095448872
24.3750,5.093382367
24.3800,5.09085857
24.3850,5.087918022
24.3900,5.084568413
24.3950,5.080772031
24.4000,5.076528626
24.4050,5.071892792
24.4100,5.066772125
24.4150,5.061173901
24.4200,5.054909607
24.4250,5.048280469
24.4300,5.041105181
24.4350,5.033555991
24.4400,5.025631742
24.4450,5.017313486
24.4500,5.008785318
24.4550,5.000187948
24.4600,4.991488744
24.4650,4.982811208
24.4700,4.974188719
24.4750,4.965757547
24.4800,4.957324237
24.4850,4.949073904
24.4900,4.941001115
24.4950,4.933156262
24.5000,4.92570316
24.5050,4.918647757
24.5100,4.911949903
24.5150,4.905587579
24.5200,4.89942067
24.5250,4.893442664
24.5300,4.887631262
24.5350,4.881907738
24.5400,4.876323708
24.5450,4.870870691
24.5500,4.865493518
24.5550,4.860277829
24.5600,4.855174717
24.5650,4.850067437
24.5700,4.844961092
24.5750,4.840051878
24.5800,4.835282241
24.5850,4.830626373
24.5900,4.825955675
24.5950,4.821306203
24.6000,4.81667193
24.6050,4.812051972
24.6100,4.807282721
24.6150,4.802388355
24.6200,4.797524045
24.6250,4.792358969
24.6300,4.787198688
24.6350,4.781968126
24.6400,4.776526451
24.6450,4.771072498
24.6500,4.765492083
24.6550,4.759514992
24.6600,4.753286698
24.6650,4.746909755
24.6700,4.740417019
24.6750,4.733723417
24.6800,4.72691397
24.6850,4.719810639
24.6900,4.712496218
24.6950,4.704947644
24.7000,4.697264056
24.7050,4.689396817
24.7100,4.681493977
24.7150,4.673531276
24.7200,4.66547708
24.7250,4.657132234
24.7300,4.648682987
24.7350,4.640092932
24.7400,4.631097388
24.7450,4.621824606
24.7500,4.612172146
24.7550,4.602229617
24.7600,4.59193696
24.7650,4.581166652
24.7700,4.569980216
24.7750,4.558444874
24.7800,4.546613056
24.7850,4.534377657
24.7900,4.521803466
24.7950,4.508956628
24.8000,4.495768963
24.8050,4.482200318
24.8100,4.46848499
24.8150,4.454706175
24.8200,4.441156812
24.8250,4.427731891
24.8300,4.414392784
24.8350,4.401469861
24.8400,4.388931985
24.8450,4.376647056
24.8500,4.364645497
24.8550,4.353016347
24.8600,4.341685533
24.8650,4.330566881
24.8700,4.31974629
24.8750,4.308959418
24.8800,4.298226639
24.8850,4.287694401
24.8900,4.277299107
24.8950,4.266911237
24.9000,4.256705235
24.9050,4.246568589
24.9100,4.236705806
24.9150,4.227047877
24.9200,4.217494843
24.9250,4.208189562
24.9300,4.199036052
24.9350,4.189965398
24.9400,4.181153245
24.9450,4.17228903
24.9500,4.163513689
24.9550,4.155094749
24.9600,4.146757771
24.9650,4.138528181
24.9700,4.130389306
24.9750,4.122412688
24.9800,4.114628576
24.9850,4.107153308
24.9900,4.099984009
24.9950,4.093245661
25.0000,4.086893028
25.0050,4.080862481
25.0100,4.075158227
25.0150,4.069800463
25.0200,4.064900316
25.0250,4.060499188
25.0300,4.056345667
25.0350,4.052603476
25.0400,4.049367504
25.0450,4.046443309
25.0500,4.043929188
25.0550,4.041532477
25.0600,4.03958543
25.0650,4.03790608
25.0700,4.036475892
25.0750,4.035196922
25.0800,4.034139095
25.0850,4.033153632
25.0900,4.032282602
25.0950,4.031406145
25.1000,4.030573433
25.1050,4.029825586
25.1100,4.028713056
25.1150,4.027268501
25.1200,4.025495737
25.1250,4.023571886
25.1300,4.021734314
25.1350,4.019908966
25.1400,4.018131322
25.1450,4.016461031
25.1500,4.014689382
25.1550,4.01275183
25.1600,4.010507834
25.1650,4.008308502
25.1700,4.005981811
25.1750,4.003615368
25.1800,4.001321098
25.1850,3.998978354
25.1900,3.996686233
25.1950,3.994493718
25.2000,3.992221024
25.2050,3.989937034
25.2100,3.987610316
25.2150,3.98517529
25.2200,3.98272275
25.2250,3.980299241
25.2300,3.97777333
25.2350,3.975329164
25.2400,3.972844242
25.2450,3.970515974
25.2500,3.968244891
25.2550,3.966063019
25.2600,3.964227391
25.2650,3.962677666
25.2700,3.961458556
25.2750,3.960568271
25.2800,3.960153048
25.2850,3.960051724
25.2900,3.960520342
25.2950,3.961264733
25.3000,3.962410415
25.3050,3.964101837
25.3100,3.966234935
25.3150,3.968939858
25.3200,3.972322417
25.3250,3.976387569
25.3300,3.981278889
25.3350,3.986733227
25.3400,3.993110788
25.3450,4.000436519
25.3500,4.008570444
25.3550,4.017744912
25.3600,4.027666325
25.3650,4.038440334
25.3700,4.050050687
25.3750,4.062557611
25.3800,4.07569097
25.3850,4.08323884
25.3900,4.09156106
25.3950,4.100615149
25.4000,4.110347101
25.4050,4.120692644
25.4100,4.131578597
25.4150,4.142924679
25.4200,4.154644718
25.4250,4.166646796
25.4300,4.178833312
25.4350,4.191101837
25.4400,4.20334677
25.4450,4.215461021
25.4500,4.227336739
25.4550,4.238865539
